Practice ID,Provider ID,Specialty,Provider Level,Tenure Using EMR (# of months)
1,1,PCP,MD,57
1,2,PCP,MD,57
1,3,PCP,MD,57
1,4,PCP,MD,57
1,5,PCP,MD,57
1,6,PCP,MD,57
1,7,PCP,MD,57
1,8,PCP,MD,57
1,9,PCP,MD,57
1,10,PCP,Mid-level,57
1,11,PCP,MD,57
1,12,PCP,Mid-level,52
1,13,PCP,MD,57
1,14,PCP,MD,57
1,15,PCP,Mid-level,57
1,16,PCP,Mid-level,57
1,17,PCP,MD,57
1,18,Cardiology,MD,57
1,19,PCP,MD,57
1,20,PCP,Mid-level,57
1,21,PCP,MD,57
1,22,PCP,MD,57
1,23,PCP,MD,57
1,24,PCP,Mid-level,57
1,25,PCP,MD,47
1,26,PCP,MD,23
1,27,PCP,MD,14
1,28,PCP,Mid-level,11
1,29,PCP,Mid-level,10
1,30,PCP,Mid-level,5
2,1,OB/GYN,MD,57
3,1,OB/GYN,MD,56
3,2,OB/GYN,MD,57
3,3,OB/GYN,MD,57
3,4,OB/GYN,MD,57
3,5,OB/GYN,MD,57
3,6,OB/GYN,MD,57
3,7,OB/GYN,MD,57
3,8,OB/GYN,Mid-level,55
3,9,OB/GYN,Mid-level,57
3,10,OB/GYN,MD,57
3,11,OB/GYN,MD,1
3,12,OB/GYN,MD,57
3,13,OB/GYN,Mid-level,56
3,14,OB/GYN,Mid-level,57
3,15,OB/GYN,MD,57
3,16,OB/GYN,Mid-level,55
3,17,OB/GYN,Mid-level,56
3,18,OB/GYN,Mid-level,22
3,19,OB/GYN,MD,10
4,1,PCP,Mid-level,57
4,2,PCP,MD,57
4,3,PCP,MD,57
4,4,PCP,MD,57
4,5,PCP,Mid-level,57
4,6,PCP,Mid-level,57
4,7,PCP,MD,57
4,8,PCP,Mid-level,56
4,9,PCP,MD,57
4,10,PCP,MD,57
4,11,PCP,MD,57
4,12,PCP,MD,57
4,13,PCP,Mid-level,57
4,14,PCP,Mid-level,57
4,15,PCP,Mid-level,57
4,16,PCP,MD,57
4,17,PCP,MD,57
4,18,PCP,Mid-level,57
4,19,PCP,MD,57
4,20,PCP,MD,57
4,21,PCP,MD,57
4,22,PCP,MD,57
4,23,PCP,Mid-level,57
4,24,PCP,Mid-level,57
4,25,PCP,Mid-level,57
4,26,PCP,Mid-level,57
4,27,PCP,Mid-level,57
4,28,PCP,MD,56
4,29,PCP,MD,57
4,30,PCP,MD,56
4,31,PCP,MD,56
4,32,PCP,MD,53
4,33,PCP,MD,48
4,34,PCP,MD,45
4,35,PCP,Mid-level,40
4,36,PCP,Mid-level,31
4,37,PCP,Mid-level,29
4,38,PCP,Mid-level,31
4,39,PCP,Mid-level,26
4,40,PCP,Mid-level,27
4,41,PCP,Mid-level,24
4,42,PCP,Mid-level,20
4,43,PCP,MD,20
4,44,PCP,MD,18
4,45,PCP,MD,16
4,46,PCP,Mid-level,11
4,47,PCP,MD,9
4,48,PCP,Mid-level,9
4,49,PCP,Mid-level,8
4,50,PCP,MD,7
4,51,PCP,MD,4
5,1,PCP,MD,57
5,2,PCP,MD,57
5,3,PCP,MD,57
5,4,PCP,MD,57
5,5,PCP,MD,57
5,6,PCP,Mid-level,57
5,7,PCP,MD,57
5,8,PCP,MD,57
5,9,PCP,MD,57
5,10,PCP,MD,55
5,11,PCP,MD,57
5,12,PCP,MD,57
5,13,PCP,Mid-level,57
5,14,PCP,MD,57
5,15,PCP,Mid-level,57
5,16,PCP,MD,57
5,17,PCP,MD,57
5,18,PCP,MD,47
5,19,PCP,MD,32
5,20,PCP,Mid-level,24
5,21,PCP,MD,10
5,22,PCP,MD,1
5,23,PCP,MD,2
6,1,OB/GYN,MD,41
6,2,OB/GYN,MD,53
6,3,OB/GYN,Mid-level,41
6,4,OB/GYN,Mid-level,41
6,5,OB/GYN,Mid-level,41
6,6,OB/GYN,Mid-level,41
6,7,OB/GYN,Mid-level,41
6,8,OB/GYN,Mid-level,41
6,9,OB/GYN,MD,41
6,10,OB/GYN,MD,41
6,11,OB/GYN,Mid-level,41
6,12,OB/GYN,Mid-level,4
6,13,OB/GYN,Mid-level,41
6,14,OB/GYN,Mid-level,41
6,15,OB/GYN,Mid-level,53
6,16,OB/GYN,Mid-level,27
6,17,OB/GYN,MD,53
6,18,OB/GYN,Mid-level,41
6,19,OB/GYN,MD,41
6,20,OB/GYN,MD,41
6,21,OB/GYN,Mid-level,41
6,22,OB/GYN,Mid-level,41
6,23,OB/GYN,Mid-level,41
6,24,OB/GYN,Mid-level,41
6,25,OB/GYN,MD,41
6,26,OB/GYN,MD,50
6,27,OB/GYN,MD,41
6,28,OB/GYN,Mid-level,41
6,29,OB/GYN,Mid-level,41
6,30,OB/GYN,Mid-level,41
6,31,OB/GYN,Mid-level,41
6,32,OB/GYN,Mid-level,39
6,33,OB/GYN,Mid-level,38
6,34,OB/GYN,MD,33
6,35,OB/GYN,MD,29
6,36,OB/GYN,Mid-level,24
6,37,OB/GYN,MD,18
6,38,OB/GYN,Mid-level,14
6,39,OB/GYN,MD,9
6,40,OB/GYN,Mid-level,3
7,1,OB/GYN,MD,57
7,2,OB/GYN,MD,57
7,3,OB/GYN,MD,57
7,4,OB/GYN,Mid-level,57
7,5,OB/GYN,Mid-level,56
7,6,OB/GYN,MD,57
7,7,OB/GYN,Mid-level,57
7,8,OB/GYN,MD,57
7,9,OB/GYN,MD,57
7,10,OB/GYN,Mid-level,57
7,11,OB/GYN,Mid-level,55
7,12,OB/GYN,Mid-level,57
7,13,OB/GYN,Mid-level,54
7,14,OB/GYN,MD,44
7,15,OB/GYN,MD,43
7,16,OB/GYN,Mid-level,20
7,17,OB/GYN,Mid-level,9
7,18,OB/GYN,Mid-level,7
8,1,PCP,MD,57
8,2,PCP,MD,57
8,3,PCP,MD,57
8,4,PCP,Mid-level,56
8,5,PCP,MD,57
8,6,PCP,MD,23
8,7,PCP,Mid-level,16
8,8,PCP,Mid-level,1
8,9,PCP,Mid-level,0
9,1,Surgery,MD,55
9,2,Surgery,MD,55
9,3,Surgery,MD,54
9,4,Surgery,MD,54
9,5,Surgery,MD,54
9,6,Surgery,MD,55
9,7,Surgery,MD,54
9,8,Surgery,MD,57
9,9,Surgery,MD,57
9,10,Surgery,MD,52
9,11,Surgery,MD,55
9,12,Surgery,MD,57
9,13,Surgery,MD,55
9,14,Surgery,MD,55
9,15,Surgery,MD,57
9,16,Surgery,MD,57
9,17,Surgery,MD,57
9,18,Surgery,MD,46
9,19,Surgery,MD,43
9,20,Surgery,MD,38
9,21,Surgery,MD,32
9,22,Surgery,MD,22
9,23,Surgery,Mid-level,17
9,24,Surgery,Mid-level,11
10,1,PCP,MD,57
11,1,PCP,MD,57
11,2,PCP,MD,57
11,3,PCP,Mid-level,57
12,1,PCP,MD,57
12,2,PCP,Mid-level,57
12,3,PCP,Mid-level,57
12,4,PCP,MD,23
13,1,PCP,MD,15
13,2,PCP,MD,15
13,3,PCP,MD,15
13,4,PCP,MD,15
13,5,PCP,MD,15
13,6,PCP,MD,15
13,7,PCP,MD,15
13,8,PCP,Mid-level,15
13,9,PCP,MD,15
13,10,PCP,MD,15
13,11,PCP,MD,15
13,12,PCP,MD,15
13,13,PCP,MD,15
13,14,PCP,Mid-level,15
13,15,PCP,Mid-level,15
14,1,PCP,MD,25
14,2,PCP,MD,25
14,3,PCP,MD,25
14,4,PCP,MD,25
14,5,PCP,MD,25
14,6,PCP,MD,25
14,7,PCP,MD,25
15,1,Surgery,MD,57
15,2,Surgery,MD,57
15,3,Surgery,MD,57
15,4,Surgery,MD,57
15,5,Surgery,MD,57
16,1,PCP,MD,38
16,2,PCP,Mid-level,37
17,1,PCP,MD,23
17,2,Cardiology,MD,41
17,3,OB/GYN,MD,38
17,4,PCP,MD,57
17,5,PCP,MD,57
17,6,OB/GYN,MD,37
17,7,OB/GYN,Mid-level,37
17,8,PCP,MD,57
17,9,PCP,MD,45
17,10,Cardiology,MD,41
17,11,PCP,Mid-level,16
17,12,OB/GYN,MD,37
17,13,PCP,Mid-level,56
17,14,Cardiology,MD,41
17,15,PCP,Mid-level,28
17,16,PCP,Mid-level,29
17,17,PCP,Mid-level,23
17,18,PCP,Mid-level,16
17,19,PCP,MD,11
17,20,PCP,MD,6
17,21,PCP,MD,4
17,22,PCP,Mid-level,3
17,23,PCP,MD,2
18,1,OB/GYN,MD,35
18,2,OB/GYN,Mid-level,36
18,3,Surgery,MD,33
18,4,Surgery,MD,33
18,5,PCP,MD,47
18,6,PCP,MD,43
18,7,PCP,MD,43
18,8,PCP,MD,43
18,9,PCP,Mid-level,0
18,10,PCP,MD,43
18,11,PCP,MD,43
18,12,PCP,MD,43
18,13,PCP,MD,43
18,14,PCP,MD,0
18,15,PCP,MD,43
18,16,PCP,MD,35
18,17,PCP,MD,35
18,18,PCP,MD,36
18,19,PCP,MD,35
18,20,PCP,MD,35
18,21,PCP,MD,35
18,22,PCP,MD,35
18,23,PCP,MD,35
18,24,PCP,MD,35
18,25,PCP,MD,36
18,26,PCP,MD,43
18,27,OB/GYN,MD,26
18,28,OB/GYN,MD,20
18,29,OB/GYN,MD,25
18,30,PCP,MD,33
18,31,PCP,MD,33
18,32,PCP,Mid-level,34
18,33,PCP,MD,43
18,34,PCP,MD,43
18,35,PCP,Mid-level,43
18,36,PCP,MD,34
18,37,PCP,MD,34
18,38,OB/GYN,MD,10
18,39,OB/GYN,MD,18
18,40,OB/GYN,MD,17
18,41,OB/GYN,MD,24
18,42,OB/GYN,MD,24
18,43,OB/GYN,MD,22
18,44,OB/GYN,MD,19
18,45,OB/GYN,MD,17
18,46,OB/GYN,MD,14
18,47,OB/GYN,MD,13
18,48,OB/GYN,MD,24
18,49,OB/GYN,MD,10
18,50,OB/GYN,MD,22
18,51,OB/GYN,MD,14
18,52,OB/GYN,MD,1
18,53,OB/GYN,MD,15
18,54,OB/GYN,MD,12
18,55,OB/GYN,MD,26
18,56,OB/GYN,MD,23
18,57,PCP,MD,24
18,58,PCP,MD,24
18,59,PCP,MD,24
18,60,PCP,MD,24
18,61,PCP,MD,24
18,62,PCP,MD,24
18,63,PCP,MD,24
18,64,PCP,MD,24
18,65,PCP,MD,24
18,66,PCP,MD,24
18,67,PCP,MD,24
18,68,OB/GYN,MD,23
18,69,PCP,MD,23
18,70,OB/GYN,MD,23
18,71,OB/GYN,MD,14
18,72,OB/GYN,MD,22
18,73,OB/GYN,MD,19
18,74,OB/GYN,MD,21
18,75,OB/GYN,MD,17
18,76,OB/GYN,MD,17
18,77,OB/GYN,MD,20
18,78,OB/GYN,MD,22
18,79,OB/GYN,MD,14
18,80,OB/GYN,MD,19
18,81,OB/GYN,MD,11
18,82,OB/GYN,MD,20
18,83,OB/GYN,MD,13
18,84,OB/GYN,MD,9
18,85,OB/GYN,MD,18
18,86,OB/GYN,MD,9
18,87,OB/GYN,MD,2
18,88,OB/GYN,MD,14
18,89,OB/GYN,MD,4
18,90,PCP,Mid-level,17
18,91,OB/GYN,MD,12
18,92,PCP,MD,13
18,93,PCP,MD,12
18,94,PCP,MD,12
18,95,OB/GYN,MD,10
18,96,PCP,MD,12
18,97,OB/GYN,MD,2
18,98,OB/GYN,MD,5
18,99,PCP,MD,12
18,100,PCP,MD,11
18,101,PCP,MD,11
18,102,OB/GYN,MD,3
18,103,OB/GYN,MD,2
18,104,OB/GYN,MD,2
18,105,OB/GYN,MD,7
18,106,OB/GYN,MD,2
18,107,OB/GYN,MD,1
18,108,OB/GYN,MD,1
18,109,OB/GYN,MD,1
18,110,OB/GYN,MD,1
18,111,PCP,MD,12
18,112,PCP,MD,11
18,113,PCP,MD,12
18,114,PCP,MD,11
18,115,PCP,MD,12
18,116,PCP,MD,12
18,117,PCP,MD,11
18,118,PCP,MD,11
18,119,OB/GYN,MD,2
18,120,OB/GYN,MD,2
18,121,OB/GYN,MD,2
18,122,OB/GYN,MD,2
18,123,PCP,MD,11
18,124,PCP,MD,12
18,125,OB/GYN,MD,2
18,126,OB/GYN,MD,2
18,127,PCP,MD,11
18,128,Surgery,MD,10
18,129,PCP,MD,11
18,130,Surgery,MD,9
18,131,Surgery,MD,5
18,132,Surgery,MD,0
18,133,Surgery,MD,2
18,134,Surgery,MD,2
18,135,Surgery,MD,2
18,136,Surgery,MD,2
18,137,PCP,MD,2
18,138,PCP,Mid-level,2
18,139,PCP,Mid-level,2
18,140,Surgery,MD,1
18,141,PCP,MD,0
18,142,PCP,MD,0
18,143,PCP,MD,0
18,144,PCP,MD,0
18,145,PCP,MD,0
18,146,PCP,MD,0
18,147,PCP,MD,0
18,148,PCP,MD,0
18,149,PCP,MD,0
18,150,PCP,MD,0
18,151,OB/GYN,MD,0
18,152,OB/GYN,MD,0
18,153,OB/GYN,MD,0
18,154,OB/GYN,MD,0
19,1,PCP,MD,49
19,2,PCP,MD,46
19,3,PCP,MD,46
19,4,PCP,MD,46
19,5,PCP,MD,37
19,6,PCP,Mid-level,33
19,7,PCP,Mid-level,17
19,8,PCP,Mid-level,10
19,9,PCP,MD,8
19,10,PCP,MD,0
19,11,PCP,Mid-level,1
19,12,PCP,MD,1
20,1,PCP,MD,35
20,2,PCP,MD,35
20,3,PCP,MD,35
20,4,PCP,MD,34
20,5,PCP,MD,35
20,6,PCP,MD,29
20,7,PCP,MD,34
20,8,PCP,MD,34
20,9,PCP,MD,34
20,10,PCP,MD,34
20,11,PCP,MD,34
20,12,PCP,MD,34
20,13,PCP,MD,34
20,14,PCP,MD,35
20,15,PCP,MD,34
20,16,PCP,MD,34
20,17,PCP,MD,33
20,18,PCP,MD,34
20,19,PCP,MD,33
20,20,PCP,MD,39
20,21,PCP,MD,35
20,22,PCP,MD,35
20,23,OB/GYN,MD,35
20,24,OB/GYN,MD,35
20,25,PCP,MD,34
20,26,PCP,MD,35
20,27,PCP,MD,35
20,28,PCP,Mid-level,35
20,29,PCP,MD,32
20,30,OB/GYN,MD,35
20,31,PCP,MD,35
20,32,PCP,Mid-level,35
20,33,Surgery,MD,16
20,34,PCP,MD,34
20,35,Surgery,MD,10
20,36,PCP,Mid-level,34
20,37,PCP,MD,34
20,38,PCP,Mid-level,34
20,39,PCP,MD,35
20,40,PCP,Mid-level,35
20,41,PCP,Mid-level,34
20,42,PCP,MD,31
20,43,OB/GYN,MD,35
20,44,PCP,Mid-level,30
20,45,PCP,Mid-level,34
20,46,PCP,MD,34
20,47,PCP,Mid-level,34
20,48,PCP,Mid-level,33
20,49,PCP,Mid-level,35
20,50,OB/GYN,MD,32
20,51,PCP,Mid-level,33
20,52,PCP,Mid-level,30
20,53,PCP,Mid-level,28
20,54,PCP,Mid-level,25
20,55,PCP,Mid-level,29
20,56,PCP,Mid-level,29
20,57,PCP,Mid-level,28
20,58,PCP,Mid-level,23
20,59,PCP,Mid-level,22
20,60,PCP,MD,16
20,61,PCP,Mid-level,16
20,62,PCP,Mid-level,12
20,63,PCP,Mid-level,11
20,64,Surgery,MD,10
20,65,PCP,MD,9
20,66,PCP,Mid-level,4
20,67,PCP,Mid-level,8
20,68,PCP,MD,7
20,69,PCP,MD,4
20,70,PCP,Mid-level,5
20,71,PCP,Mid-level,4
20,72,PCP,MD,0
20,73,PCP,Mid-level,2
20,74,PCP,Mid-level,0
20,75,PCP,MD,0
21,1,Surgery,MD,24
21,2,PCP,MD,24
21,3,PCP,MD,24
21,4,PCP,MD,24
21,5,PCP,MD,24
21,6,PCP,MD,24
21,7,PCP,MD,24
21,8,PCP,MD,24
21,9,PCP,Mid-level,16
21,10,PCP,Mid-level,24
21,11,PCP,MD,24
21,12,PCP,MD,24
21,13,PCP,Mid-level,24
21,14,PCP,Mid-level,24
21,15,Surgery,Mid-level,24
21,16,OB/GYN,MD,24
21,17,OB/GYN,Mid-level,24
21,18,OB/GYN,Mid-level,24
21,19,PCP,Mid-level,24
21,20,Surgery,Mid-level,24
21,21,PCP,MD,24
21,22,PCP,Mid-level,24
21,23,Surgery,MD,24
21,24,PCP,Mid-level,24
21,25,PCP,MD,24
21,26,PCP,Mid-level,24
21,27,PCP,Mid-level,19
21,28,OB/GYN,MD,24
21,29,PCP,Mid-level,24
21,30,PCP,MD,24
21,31,Surgery,MD,24
21,32,PCP,Mid-level,24
21,33,PCP,MD,22
21,34,PCP,Mid-level,13
21,35,OB/GYN,Mid-level,10
21,36,PCP,Mid-level,4
21,37,PCP,Mid-level,0
22,1,OB/GYN,MD,20
22,2,OB/GYN,MD,20
22,3,OB/GYN,MD,20
22,4,OB/GYN,MD,20
22,5,OB/GYN,MD,20
22,6,OB/GYN,MD,10
23,1,PCP,MD,57
24,1,Surgery,MD,44
24,2,Surgery,MD,44
24,3,Surgery,MD,44
24,4,Surgery,MD,44
24,5,Surgery,MD,44
24,6,Surgery,MD,44
24,7,Surgery,MD,43
24,8,Surgery,MD,44
24,9,Surgery,MD,44
24,10,Surgery,MD,44
24,11,Surgery,MD,44
24,12,Surgery,MD,44
24,13,Surgery,MD,44
24,14,Surgery,MD,43
24,15,Surgery,MD,40
24,16,Surgery,MD,22
24,17,Surgery,MD,10
24,18,Surgery,MD,9
24,19,Surgery,MD,7
24,20,Surgery,MD,7
24,21,Surgery,MD,7
24,22,Surgery,MD,5
24,23,Surgery,MD,3
24,24,Surgery,MD,0
25,1,Surgery,MD,41
25,2,Surgery,MD,41
25,3,Surgery,Mid-level,41
25,4,Surgery,MD,41
25,5,Surgery,MD,23
26,1,Surgery,MD,57
26,2,Surgery,MD,57
26,3,Surgery,MD,57
26,4,Surgery,MD,57
26,5,Surgery,MD,57
26,6,Surgery,MD,57
26,7,Surgery,MD,57
26,8,Surgery,MD,57
26,9,Surgery,MD,57
26,10,Surgery,MD,57
26,11,Surgery,MD,57
26,12,Surgery,MD,34
26,13,Surgery,MD,30
26,14,Surgery,MD,9
26,15,Surgery,MD,9
27,1,PCP,Mid-level,53
27,2,PCP,MD,52
28,1,PCP,MD,57
29,1,PCP,MD,43
30,1,PCP,MD,57
30,2,PCP,Mid-level,57
30,3,PCP,MD,57
30,4,PCP,MD,57
30,5,PCP,Mid-level,57
30,6,PCP,MD,57
30,7,PCP,Mid-level,56
30,8,PCP,Mid-level,57
30,9,PCP,Mid-level,57
30,10,PCP,MD,52
30,11,PCP,Mid-level,46
30,12,PCP,Mid-level,29
30,13,PCP,Mid-level,23
30,14,PCP,Mid-level,16
30,15,PCP,Mid-level,17
30,16,PCP,Mid-level,13
30,17,PCP,Mid-level,12
30,18,PCP,MD,12
30,19,PCP,Mid-level,11
30,20,PCP,Mid-level,11
30,21,PCP,MD,11
30,22,PCP,MD,7
30,23,PCP,Mid-level,1
31,1,PCP,MD,26
31,2,PCP,MD,26
31,3,PCP,MD,26
31,4,PCP,MD,26
31,5,PCP,MD,26
31,6,PCP,MD,26
31,7,PCP,Mid-level,26
31,8,PCP,MD,26
31,9,PCP,MD,4
31,10,PCP,MD,26
31,11,PCP,MD,26
31,12,PCP,MD,26
31,13,PCP,MD,26
31,14,PCP,MD,26
31,15,PCP,MD,26
31,16,Surgery,MD,25
31,17,Surgery,MD,54
31,18,PCP,MD,26
31,19,Surgery,MD,25
31,20,PCP,MD,26
31,21,PCP,MD,26
31,22,PCP,Mid-level,26
31,23,PCP,MD,26
31,24,PCP,MD,26
31,25,PCP,MD,26
31,26,PCP,Mid-level,26
31,27,PCP,MD,26
31,28,PCP,Mid-level,26
31,29,PCP,MD,26
31,30,PCP,MD,26
31,31,Surgery,MD,25
31,32,PCP,MD,26
31,33,PCP,MD,26
31,34,PCP,MD,22
31,35,PCP,MD,18
31,36,PCP,MD,9
31,37,Surgery,MD,14
31,38,PCP,Mid-level,11
31,39,Surgery,Mid-level,11
31,40,PCP,Mid-level,13
31,41,Surgery,Mid-level,10
31,42,PCP,MD,11
31,43,PCP,MD,9
31,44,PCP,MD,9
31,45,PCP,MD,10
31,46,PCP,MD,10
31,47,PCP,MD,10
31,48,PCP,MD,9
31,49,PCP,MD,10
31,50,PCP,Mid-level,9
31,51,PCP,MD,6
31,52,PCP,MD,6
31,53,Surgery,MD,8
31,54,PCP,MD,6
31,55,Surgery,Mid-level,0
32,1,Surgery,MD,28
33,1,Surgery,MD,18
34,1,PCP,MD,57
34,2,PCP,MD,57
34,3,PCP,MD,57
34,4,PCP,MD,21
34,5,PCP,MD,21
34,6,PCP,MD,21
34,7,PCP,MD,21
34,8,PCP,MD,21
34,9,PCP,MD,25
34,10,PCP,MD,25
34,11,PCP,MD,57
34,12,PCP,MD,25
34,13,PCP,Mid-level,57
34,14,PCP,MD,21
34,15,PCP,MD,25
34,16,PCP,MD,21
34,17,PCP,MD,25
34,18,PCP,MD,25
34,19,PCP,Mid-level,25
34,20,PCP,MD,46
34,21,PCP,MD,40
34,22,PCP,Mid-level,17
34,23,PCP,MD,36
34,24,PCP,MD,36
34,25,PCP,MD,29
34,26,PCP,MD,30
34,27,PCP,Mid-level,30
34,28,PCP,Mid-level,30
34,29,PCP,Mid-level,31
34,30,OB/GYN,MD,21
34,31,PCP,Mid-level,24
34,32,PCP,Mid-level,21
34,33,PCP,Mid-level,9
34,34,PCP,Mid-level,25
34,35,PCP,MD,21
34,36,PCP,Mid-level,19
34,37,PCP,MD,19
34,38,PCP,Mid-level,15
34,39,PCP,MD,15
34,40,OB/GYN,Mid-level,15
34,41,PCP,Mid-level,14
34,42,PCP,Mid-level,11
34,43,PCP,Mid-level,10
34,44,PCP,MD,5
35,1,PCP,MD,40
35,2,PCP,Mid-level,25
35,3,PCP,MD,40
35,4,PCP,MD,40
35,5,PCP,MD,40
35,6,PCP,MD,40
35,7,PCP,MD,40
35,8,PCP,MD,40
35,9,PCP,MD,40
35,10,PCP,MD,22
35,11,PCP,MD,39
35,12,PCP,MD,40
35,13,PCP,Mid-level,34
35,14,PCP,Mid-level,34
35,15,PCP,MD,31
35,16,PCP,MD,31
35,17,PCP,MD,32
35,18,PCP,MD,34
35,19,PCP,MD,33
35,20,PCP,Mid-level,31
35,21,PCP,Mid-level,32
35,22,PCP,Mid-level,29
35,23,PCP,MD,30
35,24,PCP,MD,29
35,25,PCP,MD,24
35,26,PCP,Mid-level,26
35,27,PCP,MD,22
35,28,PCP,MD,23
35,29,OB/GYN,MD,21
35,30,PCP,MD,17
35,31,PCP,MD,10
35,32,PCP,MD,8
35,33,PCP,MD,2
36,1,PCP,MD,48
37,1,OB/GYN,MD,57
37,2,Surgery,MD,57
37,3,OB/GYN,MD,57
37,4,Surgery,MD,57
37,5,Surgery,MD,35
37,6,Surgery,MD,35
37,7,Surgery,MD,57
37,8,PCP,MD,57
37,9,PCP,MD,39
37,10,Surgery,MD,57
37,11,PCP,MD,57
37,12,PCP,MD,41
37,13,Surgery,MD,35
37,14,Surgery,MD,57
37,15,Surgery,MD,57
37,16,OB/GYN,MD,56
37,17,PCP,MD,57
37,18,Surgery,MD,35
37,19,Surgery,MD,35
37,20,Surgery,MD,35
37,21,Surgery,MD,35
37,22,Surgery,MD,57
37,23,OB/GYN,MD,57
37,24,PCP,MD,57
37,25,PCP,MD,43
37,26,PCP,MD,41
37,27,Surgery,MD,6
37,28,PCP,MD,57
37,29,PCP,MD,57
37,30,PCP,MD,57
37,31,Surgery,MD,35
37,32,OB/GYN,MD,53
37,33,PCP,MD,41
37,34,PCP,MD,41
37,35,Surgery,MD,45
37,36,Surgery,MD,35
37,37,Surgery,MD,35
37,38,Surgery,MD,31
37,39,Surgery,MD,29
37,40,OB/GYN,MD,27
37,41,OB/GYN,MD,27
37,42,PCP,MD,23
37,43,PCP,Mid-level,21
37,44,PCP,MD,21
37,45,PCP,MD,20
37,46,Surgery,MD,18
37,47,Surgery,MD,14
37,48,Surgery,MD,11
37,49,OB/GYN,MD,7
37,50,Surgery,MD,6
37,51,PCP,MD,4
37,52,PCP,MD,4
37,53,OB/GYN,MD,2
37,54,PCP,MD,1
38,1,Surgery,MD,45
39,1,Surgery,MD,45
39,2,Surgery,MD,45
39,3,Surgery,MD,45
39,4,Surgery,MD,45
39,5,Surgery,MD,45
39,6,Surgery,MD,45
39,7,Surgery,MD,45
39,8,Surgery,MD,45
39,9,Surgery,MD,45
39,10,Surgery,MD,45
39,11,Surgery,MD,23
39,12,Surgery,MD,11
40,1,PCP,MD,57
40,2,PCP,Mid-level,57
40,3,PCP,Mid-level,57
40,4,PCP,MD,57
41,1,OB/GYN,MD,6
42,1,PCP,MD,24
42,2,PCP,MD,24
42,3,PCP,MD,23
42,4,PCP,MD,24
42,5,PCP,Mid-level,24
42,6,PCP,MD,24
42,7,PCP,MD,24
42,8,PCP,MD,24
42,9,PCP,Mid-level,9
42,10,PCP,Mid-level,7
43,1,Surgery,MD,1
44,1,OB/GYN,MD,26
44,2,OB/GYN,MD,26
44,3,OB/GYN,MD,24
44,4,OB/GYN,MD,22
45,1,Surgery,MD,57
45,2,Surgery,Mid-level,57
45,3,Surgery,Mid-level,16
45,4,Surgery,Mid-level,0
46,1,Surgery,MD,32
46,2,Surgery,MD,32
46,3,Surgery,MD,32
46,4,Surgery,MD,32
46,5,Surgery,MD,21
46,6,Surgery,Mid-level,12
47,1,OB/GYN,MD,33
48,1,Surgery,MD,21
48,2,Surgery,MD,21
48,3,Surgery,MD,21
49,1,Cardiology,MD,57
49,2,Cardiology,MD,57
49,3,Cardiology,MD,57
49,4,Cardiology,MD,57
49,5,Cardiology,Mid-level,57
49,6,Cardiology,MD,47
49,7,Cardiology,MD,22
49,8,Cardiology,Mid-level,17
49,9,Cardiology,MD,10
50,1,PCP,MD,57
50,2,PCP,MD,57
50,3,PCP,Mid-level,57
50,4,PCP,Mid-level,16
51,1,OB/GYN,MD,57
52,1,PCP,MD,57
52,2,PCP,Mid-level,39
52,3,PCP,Mid-level,16
52,4,PCP,Mid-level,4
53,1,Surgery,MD,13
53,2,Surgery,MD,13
53,3,Surgery,MD,13
53,4,Surgery,MD,13
53,5,Surgery,Mid-level,13
53,6,Surgery,Mid-level,13
53,7,Surgery,Mid-level,13
53,8,Surgery,MD,13
53,9,Surgery,MD,13
53,10,Surgery,Mid-level,13
53,11,Surgery,MD,13
53,12,Surgery,Mid-level,13
53,13,Surgery,Mid-level,2
54,1,Cardiology,MD,47
54,2,Cardiology,MD,48
54,3,Cardiology,MD,48
54,4,Cardiology,MD,48
54,5,Cardiology,Mid-level,48
54,6,Cardiology,MD,48
54,7,Cardiology,MD,23
55,1,OB/GYN,MD,26
55,2,OB/GYN,MD,25
55,3,OB/GYN,Mid-level,25
56,1,PCP,MD,35
56,2,PCP,MD,37
56,3,PCP,MD,37
56,4,PCP,MD,37
56,5,PCP,MD,37
56,6,PCP,MD,37
56,7,PCP,MD,37
56,8,PCP,MD,37
56,9,PCP,MD,37
56,10,PCP,MD,37
56,11,PCP,MD,37
56,12,PCP,MD,37
56,13,PCP,MD,32
56,14,PCP,MD,37
56,15,PCP,MD,37
56,16,PCP,MD,33
56,17,OB/GYN,MD,39
56,18,OB/GYN,Mid-level,31
56,19,PCP,MD,38
56,20,PCP,Mid-level,34
56,21,PCP,MD,34
56,22,Surgery,MD,9
56,23,Cardiology,MD,12
56,24,PCP,MD,6
56,25,PCP,MD,38
56,26,PCP,MD,38
56,27,PCP,MD,38
56,28,PCP,MD,34
56,29,PCP,MD,38
56,30,PCP,MD,35
56,31,PCP,MD,35
56,32,PCP,MD,35
56,33,PCP,MD,36
56,34,PCP,Mid-level,36
56,35,PCP,Mid-level,36
56,36,OB/GYN,MD,40
56,37,Surgery,MD,7
56,38,PCP,MD,30
56,39,Surgery,MD,9
56,40,OB/GYN,MD,35
56,41,OB/GYN,MD,35
56,42,Surgery,MD,9
56,43,PCP,MD,34
56,44,PCP,Mid-level,3
56,45,OB/GYN,MD,16
56,46,PCP,MD,9
56,47,Surgery,MD,9
56,48,Cardiology,MD,12
56,49,PCP,MD,15
56,50,PCP,MD,35
56,51,OB/GYN,MD,35
56,52,PCP,MD,35
56,53,PCP,MD,35
56,54,PCP,MD,34
56,55,PCP,MD,35
56,56,PCP,MD,35
56,57,PCP,MD,35
56,58,PCP,MD,35
56,59,PCP,MD,35
56,60,PCP,MD,35
56,61,PCP,MD,35
56,62,PCP,MD,35
56,63,Cardiology,MD,12
56,64,Cardiology,Mid-level,12
56,65,Cardiology,MD,12
56,66,Cardiology,MD,5
56,67,Cardiology,Mid-level,12
56,68,Surgery,MD,9
56,69,PCP,Mid-level,33
56,70,PCP,Mid-level,34
56,71,PCP,Mid-level,9
56,72,OB/GYN,MD,34
56,73,OB/GYN,Mid-level,34
56,74,PCP,MD,33
56,75,PCP,MD,33
56,76,PCP,Mid-level,10
56,77,PCP,MD,16
56,78,PCP,Mid-level,31
56,79,PCP,Mid-level,29
56,80,PCP,Mid-level,22
56,81,PCP,MD,9
56,82,PCP,MD,9
56,83,PCP,MD,9
56,84,PCP,MD,33
56,85,PCP,Mid-level,28
56,86,OB/GYN,Mid-level,33
56,87,Surgery,MD,8
56,88,PCP,Mid-level,31
56,89,PCP,Mid-level,12
56,90,PCP,MD,26
56,91,PCP,Mid-level,30
56,92,PCP,MD,29
56,93,PCP,MD,24
56,94,PCP,MD,24
56,95,PCP,MD,24
56,96,PCP,Mid-level,28
56,97,Surgery,MD,12
56,98,PCP,MD,17
56,99,PCP,MD,22
56,100,PCP,MD,17
56,101,PCP,MD,23
56,102,PCP,MD,23
56,103,PCP,MD,23
56,104,PCP,MD,23
56,105,PCP,MD,23
56,106,PCP,MD,23
56,107,PCP,MD,23
56,108,PCP,MD,23
56,109,PCP,MD,23
56,110,PCP,MD,23
56,111,Surgery,Mid-level,12
56,112,PCP,MD,23
56,113,PCP,MD,20
56,114,Cardiology,MD,8
56,115,PCP,MD,22
56,116,Surgery,MD,9
56,117,PCP,MD,17
56,118,PCP,Mid-level,21
56,119,OB/GYN,MD,21
56,120,PCP,Mid-level,9
56,121,PCP,MD,20
56,122,Cardiology,Mid-level,12
56,123,Surgery,MD,12
56,124,Surgery,Mid-level,4
56,125,PCP,MD,10
56,126,PCP,MD,15
56,127,Surgery,MD,3
56,128,PCP,MD,11
56,129,PCP,MD,11
56,130,PCP,MD,11
56,131,PCP,MD,11
56,132,PCP,MD,11
56,133,PCP,MD,10
56,134,PCP,MD,11
56,135,PCP,MD,11
56,136,PCP,MD,11
56,137,PCP,MD,11
56,138,PCP,MD,11
56,139,PCP,MD,11
56,140,PCP,MD,11
56,141,PCP,MD,7
56,142,PCP,MD,11
56,143,PCP,Mid-level,2
56,144,Cardiology,MD,9
56,145,Cardiology,MD,9
56,146,PCP,MD,7
56,147,PCP,Mid-level,5
56,148,PCP,Mid-level,5
56,149,PCP,Mid-level,6
56,150,PCP,Mid-level,6
56,151,PCP,MD,6
56,152,PCP,Mid-level,6
56,153,PCP,Mid-level,6
56,154,Cardiology,MD,6
56,155,Cardiology,Mid-level,6
56,156,PCP,MD,5
56,157,PCP,MD,5
56,158,Surgery,MD,2
56,159,Surgery,MD,0
56,160,PCP,Mid-level,5
56,161,OB/GYN,MD,5
56,162,OB/GYN,MD,5
56,163,PCP,Mid-level,5
56,164,OB/GYN,MD,4
56,165,OB/GYN,MD,4
56,166,PCP,Mid-level,4
56,167,PCP,MD,4
56,168,PCP,Mid-level,4
56,169,PCP,MD,3
56,170,PCP,Mid-level,3
56,171,PCP,MD,3
56,172,PCP,MD,3
56,173,PCP,MD,2
56,174,Surgery,Mid-level,3
56,175,PCP,Mid-level,2
56,176,PCP,MD,2
56,177,PCP,MD,1
56,178,Surgery,Mid-level,2
56,179,PCP,Mid-level,2
56,180,Surgery,MD,0
56,181,Surgery,MD,0
56,182,PCP,MD,1
56,183,Surgery,MD,0
56,184,Surgery,MD,0
56,185,PCP,Mid-level,1
56,186,PCP,Mid-level,0
56,187,PCP,Mid-level,0
56,188,PCP,Mid-level,0
56,189,PCP,MD,0
57,1,PCP,MD,57
57,2,PCP,Mid-level,57
57,3,PCP,Mid-level,55
58,1,PCP,MD,57
58,2,PCP,Mid-level,57
58,3,PCP,Mid-level,0
59,1,PCP,MD,57
59,2,PCP,MD,57
59,3,PCP,MD,10
59,4,PCP,MD,11
60,1,PCP,Mid-level,56
60,2,PCP,MD,37
61,1,Surgery,MD,48
61,2,Surgery,MD,48
61,3,Surgery,MD,48
61,4,Surgery,MD,48
61,5,Surgery,MD,48
61,6,Surgery,MD,33
61,7,Surgery,MD,20
62,1,PCP,MD,47
62,2,PCP,Mid-level,46
62,3,PCP,Mid-level,27
63,1,PCP,MD,56
64,1,Surgery,MD,21
64,2,Surgery,Mid-level,9
64,3,Surgery,Mid-level,13
65,1,PCP,MD,21
65,2,PCP,MD,41
65,3,Surgery,MD,36
65,4,PCP,Mid-level,41
65,5,Cardiology,MD,35
65,6,PCP,MD,41
65,7,PCP,MD,21
65,8,Cardiology,MD,34
65,9,PCP,MD,21
65,10,PCP,Mid-level,21
65,11,OB/GYN,MD,1
65,12,OB/GYN,Mid-level,6
65,13,OB/GYN,MD,10
65,14,Cardiology,MD,3
66,1,Surgery,MD,13
66,2,Surgery,MD,13
66,3,Surgery,MD,13
66,4,Surgery,MD,12
66,5,Surgery,MD,11
66,6,Surgery,MD,13
66,7,Surgery,MD,13
66,8,Surgery,MD,13
66,9,Surgery,MD,13
66,10,Surgery,MD,13
66,11,Surgery,MD,13
66,12,Surgery,Mid-level,13
66,13,Surgery,Mid-level,13
66,14,Surgery,Mid-level,12
66,15,Surgery,MD,13
66,16,Surgery,Mid-level,13
66,17,Surgery,MD,13
66,18,Surgery,MD,13
66,19,Surgery,Mid-level,13
66,20,Surgery,MD,13
66,21,Surgery,MD,13
66,22,Surgery,MD,12
66,23,Surgery,MD,12
66,24,Surgery,MD,13
66,25,Surgery,Mid-level,13
66,26,Surgery,Mid-level,7
67,1,Surgery,MD,39
67,2,Surgery,MD,39
67,3,Surgery,Mid-level,36
68,1,Surgery,MD,57
68,2,Surgery,MD,57
68,3,Surgery,MD,24
68,4,Surgery,MD,21
68,5,Surgery,MD,10
68,6,Surgery,MD,1
69,1,OB/GYN,MD,29
70,1,Surgery,MD,40
71,1,PCP,MD,21
71,2,PCP,MD,21
72,1,PCP,MD,29
72,2,PCP,Mid-level,29
73,1,Surgery,MD,57
73,2,Surgery,Mid-level,31
73,3,Surgery,Mid-level,8
74,1,Cardiology,MD,24
74,2,PCP,MD,26
74,3,PCP,MD,26
74,4,PCP,Mid-level,24
74,5,PCP,Mid-level,26
74,6,PCP,Mid-level,26
74,7,PCP,Mid-level,26
74,8,PCP,Mid-level,26
74,9,PCP,MD,26
74,10,PCP,Mid-level,26
74,11,PCP,Mid-level,26
74,12,PCP,Mid-level,17
74,13,PCP,Mid-level,14
74,14,PCP,Mid-level,14
74,15,PCP,Mid-level,9
75,1,PCP,MD,21
76,1,PCP,MD,46
76,2,PCP,Mid-level,46
76,3,PCP,Mid-level,46
77,1,PCP,MD,57
77,2,PCP,MD,57
77,3,PCP,MD,57
77,4,PCP,MD,57
77,5,PCP,MD,57
77,6,PCP,Mid-level,57
77,7,PCP,Mid-level,57
77,8,PCP,MD,56
77,9,PCP,MD,56
77,10,PCP,Mid-level,32
77,11,PCP,MD,30
77,12,PCP,MD,30
77,13,PCP,Mid-level,29
77,14,PCP,Mid-level,21
77,15,PCP,MD,17
77,16,PCP,MD,10
77,17,PCP,Mid-level,8
77,18,PCP,Mid-level,7
78,1,PCP,Mid-level,40
78,2,PCP,Mid-level,40
78,3,PCP,MD,40
78,4,PCP,MD,10
78,5,PCP,MD,3
79,1,Surgery,MD,27
79,2,Surgery,MD,27
79,3,Surgery,MD,27
79,4,Surgery,MD,27
79,5,Surgery,MD,27
79,6,Surgery,MD,27
79,7,Surgery,MD,27
79,8,Surgery,MD,27
79,9,Surgery,MD,27
79,10,Surgery,MD,10
80,1,Cardiology,MD,57
80,2,Cardiology,MD,57
80,3,Cardiology,MD,47
80,4,Cardiology,MD,39
81,1,Cardiology,MD,10
82,1,PCP,MD,2
82,2,PCP,MD,2
82,3,PCP,MD,2
82,4,PCP,MD,2
82,5,Surgery,MD,4
82,6,Surgery,MD,4
82,7,Surgery,MD,2
82,8,Surgery,MD,3
82,9,Surgery,Mid-level,3
82,10,Surgery,MD,3
82,11,Surgery,MD,3
82,12,PCP,MD,0
82,13,Surgery,Mid-level,0
82,14,PCP,MD,2
82,15,PCP,MD,2
82,16,PCP,MD,2
82,17,PCP,MD,2
82,18,PCP,MD,2
82,19,PCP,MD,2
82,20,Surgery,MD,3
82,21,PCP,MD,2
82,22,Surgery,MD,3
82,23,PCP,MD,2
82,24,PCP,MD,2
82,25,PCP,MD,2
82,26,Surgery,MD,3
82,27,Surgery,MD,3
82,28,Surgery,MD,3
82,29,Surgery,MD,1
82,30,PCP,MD,2
82,31,PCP,MD,2
82,32,PCP,MD,0
82,33,PCP,MD,2
82,34,PCP,MD,2
82,35,PCP,MD,2
82,36,PCP,MD,2
82,37,PCP,MD,2
82,38,PCP,MD,2
82,39,Surgery,MD,3
82,40,Surgery,Mid-level,2
82,41,Surgery,MD,1
82,42,Surgery,MD,1
82,43,Surgery,MD,1
82,44,Surgery,Mid-level,1
82,45,Surgery,MD,1
82,46,Surgery,Mid-level,0
82,47,Surgery,MD,1
82,48,Surgery,MD,1
82,49,Surgery,Mid-level,1
82,50,Surgery,Mid-level,1
82,51,Cardiology,MD,3
82,52,Cardiology,MD,3
82,53,Cardiology,MD,3
82,54,Cardiology,MD,3
82,55,Cardiology,Mid-level,2
82,56,Cardiology,MD,2
82,57,Cardiology,MD,3
82,58,Cardiology,MD,3
82,59,Cardiology,MD,3
82,60,Cardiology,MD,3
82,61,Cardiology,MD,3
82,62,Cardiology,MD,3
82,63,Cardiology,MD,3
82,64,Cardiology,MD,3
82,65,Cardiology,MD,3
82,66,Cardiology,MD,4
82,67,Cardiology,MD,3
82,68,Cardiology,MD,3
82,69,Cardiology,MD,3
82,70,Cardiology,MD,3
82,71,PCP,MD,9
82,72,PCP,MD,9
82,73,PCP,MD,9
82,74,PCP,MD,9
82,75,PCP,MD,9
82,76,Surgery,MD,3
82,77,Surgery,MD,3
82,78,Surgery,Mid-level,3
82,79,Surgery,MD,1
82,80,PCP,MD,7
82,81,PCP,Mid-level,7
82,82,PCP,Mid-level,7
82,83,PCP,MD,7
82,84,PCP,MD,4
82,85,PCP,MD,4
82,86,PCP,MD,4
82,87,PCP,MD,5
82,88,PCP,MD,5
82,89,PCP,MD,5
82,90,PCP,MD,5
82,91,PCP,MD,5
82,92,Surgery,MD,3
82,93,PCP,MD,6
82,94,PCP,Mid-level,6
82,95,PCP,MD,5
82,96,PCP,MD,2
82,97,PCP,MD,2
82,98,PCP,MD,2
82,99,PCP,MD,2
82,100,PCP,MD,2
82,101,PCP,MD,2
82,102,PCP,MD,2
82,103,PCP,MD,2
82,104,PCP,MD,2
82,105,PCP,MD,2
82,106,PCP,MD,5
82,107,PCP,MD,2
82,108,PCP,MD,2
82,109,PCP,MD,2
82,110,PCP,MD,2
82,111,PCP,MD,2
82,112,PCP,MD,2
82,113,PCP,MD,2
82,114,PCP,MD,2
82,115,PCP,MD,5
82,116,PCP,MD,4
82,117,PCP,MD,2
82,118,PCP,MD,2
82,119,PCP,MD,2
82,120,Cardiology,MD,3
82,121,Cardiology,MD,3
82,122,Cardiology,MD,3
82,123,Cardiology,MD,3
82,124,Cardiology,MD,3
82,125,PCP,MD,2
82,126,PCP,MD,2
82,127,PCP,Mid-level,5
82,128,PCP,MD,2
82,129,Cardiology,MD,3
82,130,Surgery,MD,3
82,131,PCP,MD,2
82,132,PCP,MD,2
82,133,PCP,MD,1
82,134,PCP,MD,0
82,135,PCP,MD,1
82,136,PCP,MD,0
82,137,PCP,MD,0
83,1,OB/GYN,MD,21
84,1,PCP,MD,57
84,2,PCP,MD,56
84,3,PCP,MD,56
84,4,PCP,MD,56
84,5,PCP,MD,56
84,6,PCP,Mid-level,56
84,7,PCP,MD,56
84,8,PCP,MD,51
85,1,Surgery,MD,14
86,1,Surgery,MD,39
87,1,Surgery,MD,30
88,1,PCP,MD,21
89,1,Cardiology,MD,48
90,1,PCP,MD,57
90,2,PCP,Mid-level,56
91,1,PCP,MD,27
92,1,PCP,MD,36
92,2,PCP,MD,34
92,3,PCP,MD,31
92,4,PCP,MD,57
92,5,PCP,MD,42
92,6,PCP,Mid-level,41
92,7,PCP,Mid-level,21
92,8,PCP,Mid-level,7
93,1,Surgery,MD,44
93,2,Surgery,MD,43
94,1,PCP,MD,29
95,1,Cardiology,MD,51
95,2,Cardiology,MD,51
95,3,Cardiology,MD,51
95,4,Cardiology,MD,51
95,5,Cardiology,MD,51
95,6,Cardiology,MD,51
95,7,Cardiology,MD,51
95,8,Cardiology,MD,51
95,9,Cardiology,MD,51
95,10,Cardiology,MD,51
95,11,Cardiology,MD,51
96,1,PCP,MD,51
97,1,Cardiology,MD,35
97,2,Cardiology,Mid-level,16
97,3,Cardiology,Mid-level,2
98,1,PCP,MD,27
98,2,PCP,MD,27
98,3,PCP,MD,27
98,4,PCP,Mid-level,28
98,5,PCP,Mid-level,27
98,6,PCP,Mid-level,27
99,1,OB/GYN,MD,33
100,1,PCP,MD,33
100,2,PCP,MD,33
100,3,PCP,Mid-level,33
100,4,PCP,Mid-level,33
100,5,PCP,Mid-level,29
101,1,PCP,MD,16
101,2,PCP,MD,15
101,3,PCP,MD,9
102,1,Surgery,MD,15
102,2,Surgery,MD,15
103,1,Cardiology,MD,30
103,2,Cardiology,Mid-level,30
103,3,Cardiology,MD,30
103,4,Cardiology,MD,25
104,1,Surgery,MD,33
104,2,Surgery,Mid-level,30
105,1,PCP,MD,42
105,2,PCP,MD,42
105,3,PCP,MD,42
105,4,PCP,Mid-level,42
106,1,Surgery,MD,57
107,1,PCP,MD,29
107,2,PCP,MD,25
108,1,Cardiology,MD,57
108,2,Cardiology,MD,57
109,1,PCP,Mid-level,12
109,2,PCP,MD,12
109,3,PCP,MD,12
109,4,PCP,MD,12
109,5,PCP,Mid-level,12
109,6,PCP,Mid-level,5
110,1,OB/GYN,MD,57
111,1,Cardiology,MD,36
111,2,Cardiology,MD,37
111,3,OB/GYN,MD,43
111,4,PCP,MD,43
111,5,PCP,MD,43
111,6,OB/GYN,MD,0
111,7,PCP,MD,43
111,8,OB/GYN,MD,43
111,9,Cardiology,MD,23
111,10,Cardiology,MD,25
111,11,Cardiology,MD,25
111,12,OB/GYN,MD,45
111,13,Cardiology,MD,36
111,14,Cardiology,MD,39
111,15,Surgery,MD,41
111,16,OB/GYN,MD,45
111,17,Cardiology,MD,37
111,18,Cardiology,MD,21
111,19,OB/GYN,MD,45
111,20,OB/GYN,MD,44
111,21,OB/GYN,MD,45
111,22,Cardiology,MD,36
111,23,OB/GYN,MD,42
111,24,Surgery,MD,40
111,25,Surgery,MD,44
111,26,Cardiology,MD,36
111,27,OB/GYN,MD,18
111,28,OB/GYN,MD,44
111,29,OB/GYN,MD,45
111,30,Surgery,MD,39
111,31,Cardiology,MD,37
111,32,Cardiology,MD,36
111,33,Cardiology,MD,36
111,34,Cardiology,MD,36
111,35,Surgery,MD,40
111,36,OB/GYN,MD,43
111,37,OB/GYN,MD,43
111,38,OB/GYN,Mid-level,43
111,39,PCP,Mid-level,43
111,40,Surgery,Mid-level,31
111,41,OB/GYN,Mid-level,45
111,42,Cardiology,MD,37
111,43,Surgery,Mid-level,10
111,44,OB/GYN,Mid-level,45
111,45,Cardiology,MD,25
111,46,Cardiology,MD,25
111,47,OB/GYN,MD,45
111,48,Surgery,MD,41
111,49,PCP,MD,7
111,50,PCP,MD,35
111,51,Surgery,MD,48
111,52,Surgery,MD,41
111,53,PCP,Mid-level,43
111,54,PCP,MD,17
111,55,PCP,MD,42
111,56,Surgery,MD,10
111,57,PCP,MD,20
111,58,PCP,MD,32
111,59,PCP,MD,32
111,60,PCP,Mid-level,43
111,61,OB/GYN,MD,32
111,62,PCP,MD,32
111,63,PCP,MD,40
111,64,PCP,MD,39
111,65,Surgery,MD,34
111,66,PCP,MD,7
111,67,Cardiology,MD,31
111,68,Cardiology,MD,29
111,69,Cardiology,MD,9
111,70,OB/GYN,Mid-level,35
111,71,PCP,MD,0
111,72,OB/GYN,MD,30
111,73,OB/GYN,MD,22
111,74,OB/GYN,MD,28
111,75,OB/GYN,Mid-level,28
111,76,PCP,MD,28
111,77,PCP,MD,29
111,78,Surgery,Mid-level,16
111,79,Surgery,MD,31
111,80,OB/GYN,Mid-level,33
111,81,Surgery,MD,12
111,82,PCP,MD,0
111,83,PCP,Mid-level,30
111,84,Surgery,MD,30
111,85,OB/GYN,MD,23
111,86,Surgery,Mid-level,28
111,87,Surgery,MD,21
111,88,PCP,MD,27
111,89,PCP,Mid-level,14
111,90,Surgery,MD,21
111,91,OB/GYN,MD,16
111,92,PCP,MD,27
111,93,PCP,MD,27
111,94,PCP,MD,22
111,95,PCP,MD,17
111,96,Cardiology,Mid-level,20
111,97,Surgery,MD,23
111,98,PCP,MD,22
111,99,PCP,Mid-level,22
111,100,PCP,MD,22
111,101,Surgery,MD,21
111,102,OB/GYN,MD,18
111,103,PCP,MD,21
111,104,Surgery,MD,19
111,105,Surgery,MD,23
111,106,PCP,MD,0
111,107,Surgery,Mid-level,22
111,108,Surgery,MD,20
111,109,PCP,MD,0
111,110,Surgery,MD,20
111,111,PCP,MD,17
111,112,OB/GYN,MD,21
111,113,Surgery,MD,20
111,114,PCP,MD,17
111,115,PCP,MD,17
111,116,PCP,MD,17
111,117,PCP,MD,10
111,118,PCP,MD,9
111,119,Surgery,MD,18
111,120,Surgery,Mid-level,4
111,121,Surgery,Mid-level,15
111,122,PCP,Mid-level,12
111,123,PCP,MD,13
111,124,PCP,MD,15
111,125,PCP,Mid-level,10
111,126,PCP,Mid-level,10
111,127,PCP,Mid-level,10
111,128,PCP,MD,4
111,129,Surgery,MD,15
111,130,PCP,MD,4
111,131,PCP,MD,4
111,132,PCP,Mid-level,1
111,133,Surgery,MD,4
111,134,Surgery,MD,4
111,135,PCP,MD,1
111,136,OB/GYN,MD,1
111,137,PCP,MD,4
111,138,Cardiology,Mid-level,4
111,139,PCP,MD,4
111,140,OB/GYN,MD,1
111,141,PCP,MD,4
111,142,PCP,MD,4
111,143,PCP,Mid-level,1
111,144,PCP,MD,3
111,145,PCP,Mid-level,4
111,146,Surgery,MD,4
111,147,PCP,Mid-level,4
111,148,OB/GYN,MD,1
111,149,PCP,MD,4
111,150,PCP,Mid-level,1
111,151,PCP,Mid-level,4
111,152,OB/GYN,MD,1
111,153,PCP,Mid-level,1
111,154,PCP,Mid-level,1
111,155,PCP,Mid-level,4
111,156,OB/GYN,Mid-level,1
111,157,PCP,Mid-level,4
111,158,Surgery,MD,4
111,159,OB/GYN,MD,1
111,160,Cardiology,MD,4
111,161,PCP,MD,4
111,162,Surgery,MD,4
111,163,Cardiology,MD,4
111,164,PCP,Mid-level,1
111,165,Cardiology,Mid-level,4
111,166,PCP,MD,4
111,167,Cardiology,MD,4
111,168,Surgery,Mid-level,4
111,169,Cardiology,MD,4
111,170,Surgery,Mid-level,4
111,171,PCP,MD,4
111,172,PCP,MD,4
111,173,Surgery,MD,4
111,174,PCP,MD,4
111,175,PCP,MD,1
111,176,PCP,MD,4
111,177,OB/GYN,Mid-level,13
111,178,OB/GYN,MD,1
111,179,Cardiology,MD,4
111,180,Surgery,Mid-level,4
111,181,OB/GYN,MD,1
111,182,Surgery,MD,4
111,183,Surgery,MD,4
111,184,PCP,Mid-level,4
111,185,OB/GYN,Mid-level,1
111,186,PCP,Mid-level,1
111,187,PCP,MD,4
111,188,PCP,Mid-level,4
111,189,OB/GYN,MD,1
111,190,PCP,MD,4
111,191,PCP,MD,1
111,192,Cardiology,MD,4
111,193,OB/GYN,Mid-level,1
111,194,Surgery,MD,4
111,195,Surgery,MD,4
111,196,OB/GYN,MD,1
111,197,Cardiology,MD,4
111,198,PCP,Mid-level,4
111,199,Cardiology,MD,4
111,200,Surgery,Mid-level,0
111,201,PCP,MD,13
111,202,PCP,MD,3
111,203,OB/GYN,Mid-level,14
111,204,OB/GYN,Mid-level,13
111,205,PCP,MD,13
111,206,PCP,MD,9
111,207,PCP,MD,11
111,208,OB/GYN,MD,8
111,209,Surgery,Mid-level,4
111,210,OB/GYN,MD,5
111,211,PCP,MD,0
111,212,PCP,MD,0
111,213,PCP,Mid-level,10
111,214,Cardiology,MD,7
111,215,Surgery,MD,9
111,216,OB/GYN,MD,7
111,217,PCP,Mid-level,9
111,218,PCP,MD,8
111,219,Cardiology,MD,8
111,220,Surgery,Mid-level,4
111,221,Surgery,Mid-level,4
111,222,PCP,MD,6
111,223,PCP,Mid-level,4
111,224,OB/GYN,MD,8
111,225,OB/GYN,MD,7
111,226,PCP,Mid-level,8
111,227,PCP,Mid-level,4
111,228,PCP,MD,5
111,229,PCP,MD,6
111,230,PCP,MD,7
111,231,Surgery,Mid-level,4
111,232,OB/GYN,MD,5
111,233,PCP,MD,4
111,234,PCP,MD,5
111,235,OB/GYN,MD,3
111,236,PCP,MD,0
111,237,PCP,MD,3
111,238,PCP,MD,2
111,239,PCP,MD,4
111,240,PCP,Mid-level,3
111,241,PCP,MD,3
111,242,Surgery,MD,3
111,243,PCP,MD,3
111,244,PCP,Mid-level,3
111,245,Cardiology,MD,0
111,246,PCP,MD,2
111,247,Surgery,Mid-level,0
111,248,PCP,MD,2
111,249,PCP,MD,0
111,250,PCP,MD,2
111,251,Cardiology,MD,0
111,252,PCP,Mid-level,2
111,253,PCP,MD,2
111,254,PCP,MD,0
111,255,PCP,MD,0
112,1,Surgery,MD,39
112,2,PCP,MD,39
112,3,Surgery,MD,39
112,4,Surgery,MD,39
113,1,PCP,MD,57
113,2,PCP,MD,57
113,3,PCP,MD,57
114,1,PCP,MD,24
115,1,PCP,Mid-level,19
115,2,PCP,MD,24
115,3,PCP,Mid-level,24
115,4,PCP,MD,20
115,5,PCP,Mid-level,17
115,6,PCP,Mid-level,8
115,7,PCP,MD,2
116,1,PCP,Mid-level,22
116,2,PCP,Mid-level,22
116,3,PCP,Mid-level,22
116,4,PCP,Mid-level,22
116,5,PCP,MD,22
116,6,PCP,Mid-level,22
116,7,PCP,Mid-level,22
116,8,PCP,Mid-level,19
117,1,PCP,MD,35
118,1,PCP,MD,34
119,1,PCP,MD,35
119,2,PCP,MD,12
120,1,PCP,MD,26
121,1,PCP,MD,1
122,1,Surgery,MD,27
122,2,Surgery,MD,27
122,3,Surgery,MD,27
122,4,Surgery,Mid-level,9
123,1,Surgery,MD,55
123,2,Surgery,MD,30
123,3,Surgery,Mid-level,23
123,4,Surgery,MD,21
123,5,Surgery,Mid-level,4
123,6,Surgery,Mid-level,5
123,7,Surgery,MD,11
123,8,Surgery,MD,9
123,9,Surgery,Mid-level,7
123,10,Surgery,MD,5
123,11,Surgery,MD,7
123,12,Surgery,MD,7
123,13,Surgery,MD,0
124,1,PCP,MD,56
125,1,OB/GYN,Mid-level,55
125,2,OB/GYN,MD,55
125,3,OB/GYN,MD,55
126,1,PCP,MD,36
126,2,OB/GYN,MD,36
126,3,OB/GYN,MD,36
126,4,PCP,MD,27
126,5,Surgery,MD,22
126,6,Surgery,MD,21
126,7,PCP,MD,17
126,8,OB/GYN,MD,13
126,9,PCP,Mid-level,8
126,10,PCP,Mid-level,4
126,11,OB/GYN,MD,5
126,12,PCP,MD,1
126,13,PCP,Mid-level,0
126,14,PCP,Mid-level,0
126,15,PCP,MD,1
127,1,PCP,MD,13
127,2,PCP,MD,13
127,3,PCP,MD,13
127,4,PCP,MD,13
127,5,PCP,MD,13
127,6,PCP,MD,13
127,7,PCP,MD,13
127,8,PCP,MD,13
127,9,PCP,MD,13
127,10,PCP,Mid-level,13
127,11,PCP,MD,13
127,12,PCP,MD,13
127,13,PCP,MD,13
127,14,PCP,MD,13
127,15,PCP,MD,13
127,16,PCP,MD,13
127,17,PCP,MD,13
127,18,PCP,MD,13
127,19,PCP,MD,13
127,20,PCP,Mid-level,13
127,21,PCP,MD,13
127,22,OB/GYN,MD,13
127,23,OB/GYN,MD,13
127,24,PCP,Mid-level,13
127,25,PCP,Mid-level,11
127,26,OB/GYN,MD,10
127,27,PCP,Mid-level,10
127,28,OB/GYN,MD,6
127,29,OB/GYN,MD,6
127,30,OB/GYN,Mid-level,6
127,31,OB/GYN,Mid-level,6
127,32,PCP,Mid-level,5
128,1,PCP,MD,34
128,2,PCP,Mid-level,34
129,1,PCP,MD,14
129,2,PCP,MD,14
129,3,PCP,MD,14
129,4,PCP,MD,14
129,5,PCP,MD,14
129,6,PCP,MD,14
129,7,PCP,MD,14
129,8,PCP,MD,14
130,1,PCP,MD,15
130,2,PCP,MD,15
130,3,PCP,MD,15
130,4,Cardiology,MD,15
130,5,Cardiology,MD,15
130,6,Surgery,MD,15
130,7,Surgery,MD,15
130,8,PCP,MD,15
130,9,Cardiology,MD,15
130,10,PCP,MD,9
130,11,PCP,MD,1
130,12,PCP,MD,1
130,13,PCP,MD,1
130,14,PCP,MD,1
130,15,PCP,Mid-level,1
130,16,PCP,Mid-level,1
131,1,PCP,MD,53
131,2,PCP,MD,53
131,3,PCP,MD,53
132,1,PCP,MD,21
132,2,PCP,MD,21
132,3,PCP,MD,21
132,4,PCP,MD,21
133,1,Surgery,MD,57
134,1,PCP,MD,44
134,2,PCP,MD,44
134,3,PCP,MD,44
134,4,PCP,Mid-level,29
134,5,PCP,Mid-level,23
134,6,PCP,MD,17
135,1,PCP,MD,23
135,2,PCP,MD,23
135,3,OB/GYN,MD,23
135,4,PCP,MD,23
135,5,PCP,MD,23
135,6,PCP,MD,23
135,7,PCP,MD,23
135,8,PCP,MD,23
135,9,PCP,MD,23
135,10,OB/GYN,MD,23
135,11,OB/GYN,MD,23
135,12,PCP,MD,23
135,13,OB/GYN,MD,23
135,14,PCP,MD,20
135,15,OB/GYN,MD,23
135,16,PCP,MD,23
135,17,Surgery,MD,23
135,18,PCP,MD,23
135,19,PCP,MD,19
135,20,OB/GYN,Mid-level,23
135,21,OB/GYN,MD,23
135,22,PCP,MD,23
135,23,PCP,MD,23
135,24,PCP,MD,23
135,25,Surgery,MD,11
135,26,Surgery,MD,12
135,27,Surgery,MD,16
135,28,PCP,MD,23
135,29,Surgery,MD,23
135,30,PCP,MD,23
135,31,PCP,MD,20
135,32,PCP,MD,20
135,33,PCP,MD,20
135,34,PCP,MD,20
135,35,PCP,MD,20
135,36,PCP,MD,20
135,37,PCP,MD,20
135,38,PCP,MD,20
135,39,PCP,MD,23
135,40,PCP,Mid-level,23
135,41,PCP,MD,18
135,42,OB/GYN,MD,23
135,43,PCP,MD,23
135,44,PCP,MD,20
135,45,PCP,MD,20
135,46,PCP,MD,20
135,47,PCP,MD,20
135,48,PCP,MD,20
135,49,PCP,MD,20
135,50,PCP,MD,20
135,51,PCP,MD,20
135,52,PCP,MD,19
135,53,PCP,MD,19
135,54,Surgery,MD,12
135,55,Surgery,MD,14
135,56,Surgery,MD,4
135,57,Surgery,MD,14
135,58,Surgery,MD,16
135,59,Surgery,MD,16
135,60,Surgery,MD,15
135,61,Surgery,MD,14
135,62,PCP,MD,16
135,63,Surgery,MD,12
135,64,PCP,MD,13
135,65,OB/GYN,MD,12
135,66,PCP,MD,10
135,67,PCP,MD,11
135,68,PCP,MD,10
135,69,PCP,MD,10
135,70,PCP,MD,11
135,71,PCP,MD,11
135,72,PCP,MD,11
135,73,PCP,MD,11
135,74,PCP,MD,11
135,75,PCP,MD,11
135,76,Surgery,MD,11
135,77,PCP,Mid-level,10
135,78,Surgery,MD,11
135,79,Surgery,MD,11
135,80,Surgery,MD,11
135,81,PCP,MD,0
135,82,Surgery,MD,8
135,83,PCP,MD,8
135,84,Surgery,MD,8
135,85,PCP,MD,6
135,86,PCP,Mid-level,1
135,87,PCP,MD,0
136,1,PCP,MD,57
136,2,PCP,Mid-level,57
137,1,OB/GYN,MD,55
137,2,OB/GYN,MD,55
137,3,OB/GYN,MD,55
137,4,OB/GYN,MD,55
137,5,OB/GYN,MD,55
137,6,OB/GYN,MD,55
137,7,OB/GYN,Mid-level,18
137,8,OB/GYN,Mid-level,4
137,9,OB/GYN,Mid-level,0
138,1,PCP,MD,28
138,2,PCP,MD,28
138,3,PCP,Mid-level,12
138,4,PCP,Mid-level,5
139,1,PCP,MD,57
139,2,PCP,MD,43
139,3,PCP,Mid-level,31
140,1,PCP,MD,57
140,2,PCP,MD,21
141,1,PCP,MD,53
142,1,PCP,MD,54
142,2,PCP,Mid-level,16
143,1,PCP,MD,55
143,2,PCP,MD,55
144,1,OB/GYN,MD,55
145,1,Surgery,Mid-level,49
145,2,PCP,MD,52
145,3,PCP,MD,50
145,4,PCP,MD,52
145,5,PCP,MD,52
145,6,PCP,MD,52
145,7,PCP,MD,52
145,8,PCP,MD,52
145,9,PCP,MD,52
145,10,Cardiology,MD,45
145,11,PCP,MD,52
145,12,PCP,MD,52
145,13,PCP,MD,52
145,14,Surgery,MD,44
145,15,PCP,MD,52
145,16,Cardiology,MD,46
145,17,PCP,MD,52
145,18,PCP,MD,52
145,19,PCP,MD,52
145,20,PCP,MD,52
145,21,PCP,MD,52
145,22,PCP,MD,52
145,23,PCP,MD,55
145,24,Surgery,MD,48
145,25,Cardiology,MD,45
145,26,PCP,MD,52
145,27,Surgery,MD,45
145,28,PCP,MD,52
145,29,PCP,MD,52
145,30,PCP,MD,52
145,31,PCP,MD,52
145,32,PCP,MD,52
145,33,Surgery,MD,44
145,34,PCP,MD,52
145,35,Cardiology,MD,46
145,36,Surgery,MD,44
145,37,PCP,MD,52
145,38,Cardiology,MD,46
145,39,Surgery,MD,50
145,40,PCP,MD,52
145,41,PCP,MD,52
145,42,PCP,MD,52
145,43,PCP,MD,52
145,44,PCP,MD,52
145,45,PCP,MD,52
145,46,PCP,MD,53
145,47,Cardiology,MD,46
145,48,PCP,MD,37
145,49,PCP,MD,52
145,50,PCP,MD,52
145,51,Cardiology,MD,45
145,52,PCP,MD,52
145,53,PCP,MD,52
145,54,PCP,MD,52
145,55,PCP,MD,52
145,56,PCP,MD,52
145,57,Surgery,MD,44
145,58,Surgery,MD,51
145,59,PCP,MD,52
145,60,PCP,MD,52
145,61,PCP,MD,52
145,62,Cardiology,MD,42
145,63,PCP,MD,52
145,64,PCP,MD,52
145,65,PCP,MD,52
145,66,PCP,MD,52
145,67,PCP,MD,52
145,68,PCP,MD,52
145,69,PCP,MD,52
145,70,PCP,MD,52
145,71,PCP,MD,52
145,72,PCP,MD,52
145,73,PCP,MD,52
145,74,Cardiology,MD,45
145,75,Surgery,MD,49
145,76,PCP,MD,52
145,77,PCP,MD,52
145,78,Cardiology,MD,45
145,79,PCP,MD,52
145,80,Surgery,MD,44
145,81,Cardiology,MD,46
145,82,PCP,MD,52
145,83,PCP,MD,52
145,84,PCP,MD,52
145,85,PCP,MD,52
145,86,PCP,MD,52
145,87,PCP,MD,52
145,88,Surgery,MD,45
145,89,PCP,MD,52
145,90,Surgery,MD,49
145,91,PCP,MD,52
145,92,PCP,MD,52
145,93,PCP,MD,52
145,94,Surgery,MD,44
145,95,PCP,MD,52
145,96,PCP,MD,52
145,97,PCP,MD,52
145,98,PCP,Mid-level,52
145,99,Surgery,Mid-level,48
145,100,PCP,Mid-level,52
145,101,PCP,Mid-level,52
145,102,PCP,Mid-level,52
145,103,PCP,Mid-level,52
145,104,PCP,Mid-level,52
145,105,PCP,Mid-level,52
145,106,PCP,Mid-level,52
145,107,Surgery,Mid-level,44
145,108,Surgery,Mid-level,44
145,109,Surgery,MD,49
145,110,PCP,MD,52
145,111,Surgery,MD,49
145,112,PCP,Mid-level,52
145,113,PCP,MD,51
145,114,PCP,MD,52
145,115,PCP,MD,52
145,116,PCP,MD,52
145,117,PCP,MD,46
145,118,Surgery,Mid-level,35
145,119,Surgery,Mid-level,44
145,120,PCP,MD,46
145,121,Surgery,MD,44
145,122,PCP,MD,45
145,123,PCP,MD,46
145,124,Surgery,MD,43
145,125,PCP,Mid-level,43
145,126,Surgery,MD,44
145,127,PCP,MD,11
145,128,Surgery,Mid-level,13
145,129,PCP,MD,42
145,130,Surgery,Mid-level,16
145,131,Surgery,Mid-level,23
145,132,Surgery,MD,34
145,133,Surgery,MD,34
145,134,Cardiology,MD,32
145,135,Surgery,Mid-level,16
145,136,PCP,MD,32
145,137,Surgery,Mid-level,26
145,138,PCP,MD,33
145,139,PCP,MD,24
145,140,PCP,MD,23
145,141,PCP,MD,22
145,142,PCP,MD,22
145,143,PCP,MD,20
145,144,PCP,MD,21
145,145,PCP,Mid-level,19
145,146,PCP,MD,17
145,147,Surgery,Mid-level,11
145,148,PCP,MD,12
145,149,Surgery,Mid-level,2
145,150,PCP,MD,10
145,151,PCP,MD,8
145,152,Surgery,MD,8
145,153,PCP,Mid-level,9
145,154,Surgery,Mid-level,4
145,155,PCP,MD,8
145,156,Surgery,MD,9
145,157,PCP,Mid-level,7
145,158,PCP,MD,7
145,159,PCP,MD,8
145,160,PCP,Mid-level,8
145,161,PCP,MD,7
145,162,Surgery,Mid-level,5
145,163,PCP,Mid-level,7
145,164,Cardiology,MD,4
145,165,Surgery,Mid-level,5
145,166,Surgery,MD,1
145,167,PCP,Mid-level,5
145,168,PCP,MD,3
145,169,PCP,MD,4
146,1,Surgery,MD,3
146,2,Surgery,Mid-level,3
146,3,Surgery,Mid-level,2
146,4,Surgery,MD,3
147,1,OB/GYN,MD,36
147,2,OB/GYN,MD,36
147,3,OB/GYN,MD,5
148,1,PCP,MD,31
149,1,Cardiology,MD,56
150,1,OB/GYN,MD,54
150,2,OB/GYN,Mid-level,41
150,3,OB/GYN,Mid-level,31
150,4,OB/GYN,Mid-level,27
151,1,PCP,MD,46
152,1,PCP,MD,51
152,2,PCP,Mid-level,2
153,1,OB/GYN,MD,6
153,2,OB/GYN,MD,37
153,3,OB/GYN,MD,37
153,4,OB/GYN,MD,26
153,5,OB/GYN,MD,28
153,6,OB/GYN,MD,28
153,7,OB/GYN,MD,32
153,8,OB/GYN,MD,36
153,9,OB/GYN,MD,36
153,10,OB/GYN,MD,36
153,11,OB/GYN,MD,38
153,12,OB/GYN,Mid-level,37
153,13,OB/GYN,MD,26
153,14,OB/GYN,MD,33
153,15,OB/GYN,MD,19
153,16,OB/GYN,MD,29
153,17,OB/GYN,MD,22
153,18,OB/GYN,MD,22
153,19,OB/GYN,MD,26
153,20,OB/GYN,MD,26
153,21,OB/GYN,Mid-level,26
153,22,OB/GYN,MD,13
153,23,OB/GYN,MD,33
153,24,OB/GYN,MD,33
153,25,OB/GYN,MD,16
153,26,OB/GYN,MD,16
153,27,OB/GYN,MD,16
153,28,OB/GYN,MD,21
153,29,OB/GYN,MD,21
153,30,OB/GYN,MD,21
153,31,OB/GYN,MD,21
153,32,OB/GYN,MD,21
153,33,OB/GYN,MD,10
153,34,OB/GYN,Mid-level,10
153,35,OB/GYN,MD,32
153,36,OB/GYN,MD,17
153,37,OB/GYN,MD,17
153,38,OB/GYN,MD,20
153,39,OB/GYN,MD,20
153,40,OB/GYN,MD,20
153,41,OB/GYN,MD,20
153,42,OB/GYN,Mid-level,20
153,43,OB/GYN,Mid-level,20
153,44,OB/GYN,MD,34
153,45,OB/GYN,MD,36
153,46,OB/GYN,MD,29
153,47,OB/GYN,Mid-level,34
153,48,OB/GYN,Mid-level,34
153,49,OB/GYN,Mid-level,33
153,50,OB/GYN,MD,38
153,51,OB/GYN,Mid-level,38
153,52,OB/GYN,Mid-level,29
153,53,OB/GYN,Mid-level,29
153,54,OB/GYN,MD,24
153,55,OB/GYN,MD,25
153,56,OB/GYN,MD,31
153,57,OB/GYN,Mid-level,24
153,58,OB/GYN,MD,26
153,59,OB/GYN,MD,29
153,60,OB/GYN,MD,29
153,61,OB/GYN,MD,29
153,62,OB/GYN,MD,22
153,63,OB/GYN,MD,19
153,64,OB/GYN,MD,17
153,65,OB/GYN,Mid-level,29
153,66,OB/GYN,Mid-level,29
153,67,OB/GYN,Mid-level,17
153,68,OB/GYN,Mid-level,16
153,69,OB/GYN,Mid-level,11
153,70,OB/GYN,MD,30
153,71,OB/GYN,MD,17
153,72,OB/GYN,MD,17
153,73,OB/GYN,MD,28
153,74,OB/GYN,MD,5
153,75,OB/GYN,Mid-level,20
153,76,OB/GYN,Mid-level,28
153,77,OB/GYN,Mid-level,28
153,78,OB/GYN,MD,30
153,79,OB/GYN,MD,30
153,80,OB/GYN,MD,14
153,81,OB/GYN,MD,14
153,82,OB/GYN,MD,19
153,83,OB/GYN,MD,19
153,84,OB/GYN,MD,19
153,85,OB/GYN,MD,19
153,86,OB/GYN,MD,19
153,87,OB/GYN,MD,19
153,88,OB/GYN,Mid-level,19
153,89,OB/GYN,Mid-level,30
153,90,OB/GYN,Mid-level,28
153,91,OB/GYN,MD,14
153,92,OB/GYN,MD,20
153,93,OB/GYN,MD,20
153,94,OB/GYN,MD,20
153,95,OB/GYN,MD,20
153,96,OB/GYN,MD,22
153,97,OB/GYN,MD,22
153,98,OB/GYN,MD,23
153,99,OB/GYN,Mid-level,18
153,100,OB/GYN,MD,26
153,101,OB/GYN,MD,32
153,102,OB/GYN,MD,32
153,103,OB/GYN,Mid-level,32
153,104,OB/GYN,MD,31
153,105,OB/GYN,MD,9
153,106,OB/GYN,MD,31
153,107,OB/GYN,MD,20
153,108,OB/GYN,Mid-level,26
153,109,OB/GYN,MD,28
153,110,OB/GYN,Mid-level,28
153,111,OB/GYN,MD,31
153,112,OB/GYN,Mid-level,28
153,113,OB/GYN,MD,31
153,114,OB/GYN,MD,30
153,115,OB/GYN,MD,32
153,116,OB/GYN,MD,27
153,117,OB/GYN,MD,8
153,118,OB/GYN,MD,30
153,119,OB/GYN,MD,30
153,120,OB/GYN,MD,30
153,121,OB/GYN,MD,30
153,122,OB/GYN,MD,30
153,123,OB/GYN,MD,22
153,124,OB/GYN,MD,29
153,125,OB/GYN,MD,29
153,126,OB/GYN,Mid-level,30
153,127,OB/GYN,Mid-level,22
153,128,OB/GYN,Mid-level,22
153,129,OB/GYN,Mid-level,22
153,130,OB/GYN,Mid-level,22
153,131,OB/GYN,MD,22
153,132,OB/GYN,MD,22
153,133,OB/GYN,MD,22
153,134,OB/GYN,MD,22
153,135,OB/GYN,MD,22
153,136,OB/GYN,Mid-level,30
153,137,OB/GYN,MD,14
153,138,OB/GYN,MD,14
153,139,OB/GYN,MD,14
153,140,OB/GYN,MD,14
153,141,OB/GYN,MD,14
153,142,OB/GYN,MD,14
153,143,OB/GYN,MD,14
153,144,OB/GYN,MD,14
153,145,OB/GYN,MD,27
153,146,OB/GYN,Mid-level,31
153,147,OB/GYN,MD,29
153,148,OB/GYN,MD,19
153,149,OB/GYN,MD,27
153,150,OB/GYN,MD,23
153,151,OB/GYN,MD,23
153,152,OB/GYN,MD,23
153,153,OB/GYN,Mid-level,14
153,154,OB/GYN,Mid-level,14
153,155,OB/GYN,Mid-level,14
153,156,OB/GYN,Mid-level,14
153,157,OB/GYN,MD,21
153,158,OB/GYN,Mid-level,27
153,159,OB/GYN,Mid-level,22
153,160,OB/GYN,MD,28
153,161,OB/GYN,Mid-level,14
153,162,OB/GYN,MD,14
153,163,OB/GYN,Mid-level,14
153,164,OB/GYN,MD,17
153,165,OB/GYN,MD,9
153,166,OB/GYN,MD,5
153,167,OB/GYN,MD,5
153,168,OB/GYN,Mid-level,5
153,169,OB/GYN,Mid-level,5
153,170,OB/GYN,Mid-level,5
153,171,OB/GYN,MD,23
153,172,OB/GYN,MD,9
153,173,OB/GYN,Mid-level,27
153,174,OB/GYN,MD,19
153,175,OB/GYN,MD,22
153,176,OB/GYN,MD,20
153,177,OB/GYN,MD,22
153,178,OB/GYN,MD,17
153,179,OB/GYN,MD,9
153,180,OB/GYN,MD,19
153,181,OB/GYN,MD,0
153,182,OB/GYN,MD,21
153,183,OB/GYN,MD,0
153,184,OB/GYN,Mid-level,0
153,185,OB/GYN,Mid-level,25
153,186,OB/GYN,Mid-level,19
153,187,OB/GYN,MD,9
153,188,OB/GYN,MD,22
153,189,OB/GYN,MD,22
153,190,OB/GYN,MD,22
153,191,OB/GYN,MD,14
153,192,OB/GYN,MD,21
153,193,OB/GYN,MD,16
153,194,OB/GYN,MD,22
153,195,OB/GYN,Mid-level,23
153,196,OB/GYN,MD,23
153,197,OB/GYN,MD,22
153,198,OB/GYN,MD,20
153,199,OB/GYN,Mid-level,21
153,200,OB/GYN,MD,13
153,201,OB/GYN,Mid-level,20
153,202,OB/GYN,Mid-level,17
153,203,OB/GYN,Mid-level,18
153,204,OB/GYN,Mid-level,16
153,205,OB/GYN,MD,0
153,206,OB/GYN,MD,13
153,207,OB/GYN,Mid-level,15
153,208,OB/GYN,Mid-level,0
153,209,OB/GYN,Mid-level,14
153,210,OB/GYN,MD,11
153,211,OB/GYN,MD,9
153,212,OB/GYN,Mid-level,12
153,213,OB/GYN,MD,5
153,214,OB/GYN,MD,11
153,215,OB/GYN,Mid-level,9
153,216,OB/GYN,Mid-level,9
153,217,OB/GYN,Mid-level,9
153,218,OB/GYN,Mid-level,9
153,219,OB/GYN,MD,9
153,220,OB/GYN,MD,9
153,221,OB/GYN,MD,10
153,222,OB/GYN,MD,9
153,223,OB/GYN,MD,6
153,224,OB/GYN,MD,7
153,225,OB/GYN,MD,4
153,226,OB/GYN,MD,3
153,227,OB/GYN,Mid-level,4
153,228,OB/GYN,Mid-level,8
153,229,OB/GYN,MD,5
153,230,OB/GYN,MD,6
153,231,OB/GYN,MD,5
153,232,OB/GYN,Mid-level,5
153,233,OB/GYN,MD,1
153,234,OB/GYN,MD,2
153,235,OB/GYN,Mid-level,7
153,236,OB/GYN,Mid-level,4
153,237,OB/GYN,Mid-level,6
153,238,OB/GYN,Mid-level,5
153,239,OB/GYN,Mid-level,4
153,240,OB/GYN,MD,2
153,241,OB/GYN,Mid-level,4
153,242,OB/GYN,MD,2
153,243,OB/GYN,Mid-level,3
153,244,OB/GYN,MD,2
153,245,OB/GYN,Mid-level,3
153,246,OB/GYN,Mid-level,2
153,247,OB/GYN,Mid-level,2
153,248,OB/GYN,Mid-level,1
153,249,OB/GYN,Mid-level,1
153,250,OB/GYN,Mid-level,0
153,251,OB/GYN,MD,0
154,1,Surgery,MD,1
154,2,PCP,MD,1
154,3,PCP,MD,1
154,4,PCP,MD,0
154,5,PCP,Mid-level,1
154,6,PCP,MD,1
154,7,PCP,Mid-level,0
154,8,Surgery,Mid-level,1
154,9,PCP,Mid-level,1
154,10,Surgery,MD,1
154,11,Surgery,MD,1
154,12,PCP,Mid-level,1
154,13,PCP,MD,1
154,14,PCP,MD,1
154,15,PCP,Mid-level,0
155,1,PCP,MD,20
155,2,PCP,MD,20
155,3,PCP,MD,20
155,4,PCP,MD,21
155,5,PCP,MD,21
155,6,PCP,MD,20
155,7,PCP,MD,21
155,8,PCP,MD,21
155,9,PCP,MD,21
155,10,PCP,MD,21
155,11,PCP,MD,21
155,12,PCP,MD,21
155,13,PCP,MD,21
155,14,PCP,MD,21
155,15,PCP,MD,21
155,16,PCP,MD,20
155,17,PCP,MD,20
155,18,PCP,MD,20
155,19,PCP,MD,20
155,20,PCP,MD,21
155,21,PCP,MD,21
155,22,PCP,MD,21
155,23,PCP,MD,21
155,24,PCP,MD,20
155,25,PCP,MD,20
155,26,PCP,MD,20
155,27,PCP,MD,20
155,28,PCP,MD,20
155,29,PCP,MD,18
155,30,PCP,Mid-level,21
155,31,PCP,MD,20
155,32,PCP,MD,21
155,33,PCP,MD,20
155,34,PCP,Mid-level,20
155,35,PCP,MD,20
155,36,PCP,Mid-level,20
155,37,PCP,MD,20
155,38,PCP,MD,0
155,39,PCP,MD,17
155,40,PCP,MD,18
155,41,PCP,MD,17
155,42,PCP,MD,14
155,43,PCP,MD,10
155,44,PCP,MD,10
155,45,PCP,Mid-level,8
155,46,Surgery,MD,5
155,47,Surgery,MD,5
155,48,Surgery,Mid-level,5
155,49,PCP,Mid-level,0
156,1,Surgery,MD,51
156,2,Surgery,MD,51
156,3,Surgery,Mid-level,14
156,4,Surgery,Mid-level,14
157,1,OB/GYN,MD,55
158,1,PCP,MD,52
158,2,PCP,MD,52
159,1,Cardiology,MD,55
159,2,Cardiology,MD,9
159,3,Cardiology,Mid-level,7
160,1,Surgery,MD,3
161,1,PCP,MD,17
161,2,Surgery,MD,17
161,3,Cardiology,MD,17
161,4,Cardiology,MD,16
161,5,Surgery,MD,17
161,6,Surgery,Mid-level,17
161,7,Cardiology,MD,17
161,8,PCP,Mid-level,17
161,9,PCP,MD,17
161,10,PCP,MD,17
161,11,PCP,MD,12
161,12,PCP,MD,17
161,13,PCP,Mid-level,13
161,14,PCP,MD,17
161,15,PCP,Mid-level,17
161,16,PCP,MD,7
162,1,PCP,MD,54
162,2,PCP,Mid-level,54
162,3,PCP,MD,54
162,4,PCP,MD,54
162,5,PCP,MD,47
163,1,PCP,MD,40
164,1,PCP,MD,37
165,1,PCP,MD,25
165,2,PCP,MD,11
166,1,PCP,MD,37
167,1,PCP,MD,9
167,2,PCP,MD,9
167,3,PCP,MD,9
167,4,PCP,MD,9
167,5,PCP,MD,8
167,6,Surgery,MD,9
167,7,PCP,MD,9
167,8,PCP,MD,9
167,9,PCP,MD,9
167,10,PCP,MD,9
167,11,PCP,MD,9
167,12,PCP,MD,9
167,13,PCP,MD,9
167,14,PCP,Mid-level,9
167,15,PCP,Mid-level,9
167,16,PCP,Mid-level,4
167,17,PCP,Mid-level,9
167,18,Surgery,MD,9
167,19,Cardiology,MD,9
167,20,Cardiology,MD,9
167,21,PCP,Mid-level,9
167,22,Cardiology,MD,9
167,23,PCP,MD,9
167,24,PCP,MD,9
167,25,Cardiology,MD,9
167,26,PCP,MD,9
167,27,PCP,MD,9
167,28,PCP,MD,9
167,29,PCP,MD,9
167,30,PCP,Mid-level,7
167,31,PCP,MD,4
167,32,PCP,Mid-level,6
167,33,PCP,MD,9
167,34,PCP,MD,9
167,35,PCP,Mid-level,5
167,36,PCP,MD,9
167,37,PCP,MD,9
167,38,PCP,MD,9
167,39,PCP,Mid-level,1
167,40,PCP,MD,9
167,41,PCP,MD,4
167,42,Cardiology,MD,8
167,43,PCP,MD,9
167,44,PCP,MD,9
167,45,PCP,MD,9
167,46,PCP,Mid-level,9
167,47,PCP,Mid-level,6
167,48,Surgery,Mid-level,9
167,49,PCP,MD,9
167,50,PCP,MD,9
167,51,PCP,MD,6
167,52,Surgery,MD,9
167,53,PCP,MD,9
167,54,PCP,MD,8
167,55,PCP,Mid-level,6
167,56,PCP,MD,9
167,57,PCP,Mid-level,9
167,58,PCP,Mid-level,7
167,59,PCP,Mid-level,9
167,60,PCP,MD,9
167,61,PCP,Mid-level,7
167,62,PCP,Mid-level,8
167,63,PCP,Mid-level,7
167,64,PCP,MD,9
167,65,PCP,MD,9
167,66,PCP,MD,9
167,67,PCP,MD,9
167,68,PCP,Mid-level,9
167,69,PCP,MD,6
167,70,PCP,MD,9
167,71,OB/GYN,MD,9
167,72,PCP,MD,9
167,73,Cardiology,MD,0
167,74,PCP,Mid-level,1
167,75,PCP,Mid-level,1
167,76,PCP,Mid-level,0
167,77,PCP,MD,3
168,1,PCP,MD,13
168,2,Surgery,MD,12
168,3,OB/GYN,MD,12
168,4,Cardiology,MD,12
168,5,PCP,Mid-level,12
168,6,OB/GYN,MD,12
168,7,OB/GYN,MD,12
168,8,OB/GYN,Mid-level,12
168,9,Cardiology,Mid-level,12
168,10,Surgery,MD,12
168,11,Surgery,MD,12
168,12,Cardiology,MD,12
168,13,PCP,Mid-level,13
168,14,PCP,MD,13
168,15,PCP,Mid-level,0
168,16,PCP,MD,13
168,17,PCP,Mid-level,13
168,18,PCP,Mid-level,13
168,19,OB/GYN,MD,12
168,20,PCP,MD,13
168,21,PCP,Mid-level,13
168,22,PCP,Mid-level,13
168,23,PCP,Mid-level,12
168,24,PCP,MD,12
168,25,Surgery,MD,12
168,26,PCP,MD,13
168,27,PCP,MD,13
168,28,PCP,MD,8
168,29,PCP,Mid-level,9
168,30,PCP,MD,5
169,1,PCP,MD,55
169,2,PCP,Mid-level,23
169,3,PCP,Mid-level,15
169,4,PCP,Mid-level,13
169,5,PCP,MD,0
169,6,PCP,MD,0
170,1,OB/GYN,MD,48
171,1,Surgery,MD,18
172,1,Surgery,MD,42
172,2,Surgery,Mid-level,42
172,3,Surgery,MD,15
173,1,Cardiology,MD,2
173,2,PCP,MD,12
173,3,PCP,Mid-level,9
173,4,PCP,MD,12
173,5,PCP,Mid-level,12
173,6,PCP,MD,12
173,7,PCP,MD,11
173,8,PCP,MD,7
173,9,PCP,MD,11
173,10,PCP,MD,12
173,11,PCP,MD,10
173,12,PCP,MD,12
173,13,PCP,MD,11
173,14,PCP,MD,11
173,15,PCP,MD,10
173,16,PCP,MD,9
173,17,PCP,Mid-level,11
173,18,Cardiology,MD,2
173,19,Surgery,MD,8
173,20,PCP,MD,10
173,21,Surgery,MD,5
173,22,Surgery,Mid-level,5
174,1,Surgery,MD,27
175,1,PCP,MD,52
175,2,PCP,Mid-level,8
175,3,Surgery,MD,7
176,1,PCP,Mid-level,3
177,1,PCP,MD,42
178,1,PCP,MD,29
179,1,PCP,MD,54
180,1,Cardiology,MD,30
180,2,Cardiology,MD,30
180,3,Cardiology,MD,30
181,1,PCP,MD,48
182,1,Surgery,MD,3
183,1,Cardiology,MD,22
183,2,Surgery,MD,22
183,3,Cardiology,MD,22
183,4,Surgery,MD,22
183,5,PCP,MD,14
184,1,OB/GYN,MD,10
184,2,PCP,MD,9
184,3,Surgery,MD,10
184,4,PCP,Mid-level,6
184,5,PCP,Mid-level,9
184,6,PCP,Mid-level,3
184,7,PCP,MD,9
184,8,PCP,Mid-level,9
184,9,PCP,MD,9
184,10,PCP,MD,1
184,11,PCP,Mid-level,8
184,12,PCP,Mid-level,9
184,13,PCP,MD,9
184,14,PCP,MD,3
184,15,PCP,Mid-level,7
184,16,PCP,MD,9
184,17,OB/GYN,MD,10
184,18,PCP,MD,9
184,19,Surgery,MD,9
184,20,PCP,Mid-level,3
184,21,PCP,Mid-level,4
184,22,PCP,Mid-level,4
184,23,PCP,Mid-level,5
184,24,PCP,Mid-level,4
184,25,Surgery,Mid-level,1
184,26,PCP,Mid-level,3
184,27,PCP,Mid-level,4
185,1,PCP,MD,36
186,1,OB/GYN,Mid-level,12
186,2,PCP,MD,12
186,3,PCP,MD,12
186,4,PCP,MD,11
186,5,PCP,MD,12
186,6,PCP,MD,12
186,7,PCP,Mid-level,12
186,8,PCP,Mid-level,9
186,9,PCP,Mid-level,10
186,10,PCP,MD,12
186,11,PCP,MD,12
186,12,PCP,MD,12
186,13,PCP,MD,12
186,14,OB/GYN,MD,12
186,15,Surgery,MD,12
186,16,Surgery,MD,12
186,17,PCP,Mid-level,12
186,18,PCP,MD,12
186,19,PCP,MD,11
186,20,PCP,MD,10
186,21,PCP,Mid-level,1
187,1,PCP,MD,50
187,2,PCP,MD,50
187,3,PCP,Mid-level,6
188,1,PCP,Mid-level,39
189,1,OB/GYN,MD,20
189,2,OB/GYN,MD,20
189,3,OB/GYN,MD,20
189,4,OB/GYN,MD,20
189,5,OB/GYN,Mid-level,13
190,1,PCP,MD,45
190,2,PCP,MD,41
190,3,PCP,MD,49
190,4,Surgery,MD,49
190,5,PCP,MD,41
190,6,PCP,MD,41
190,7,PCP,MD,41
190,8,PCP,MD,41
190,9,PCP,Mid-level,41
190,10,PCP,Mid-level,41
190,11,Surgery,Mid-level,27
190,12,Surgery,MD,39
190,13,Surgery,MD,39
190,14,Surgery,Mid-level,39
190,15,PCP,Mid-level,47
190,16,PCP,Mid-level,47
190,17,PCP,Mid-level,48
190,18,PCP,MD,47
190,19,PCP,MD,45
190,20,PCP,MD,45
190,21,OB/GYN,Mid-level,47
190,22,Surgery,Mid-level,39
190,23,PCP,Mid-level,46
190,24,PCP,Mid-level,47
190,25,OB/GYN,Mid-level,47
190,26,PCP,Mid-level,47
190,27,PCP,MD,45
190,28,PCP,MD,45
190,29,PCP,MD,45
190,30,PCP,MD,47
190,31,OB/GYN,MD,47
190,32,PCP,MD,47
190,33,Surgery,MD,47
190,34,OB/GYN,MD,47
190,35,PCP,MD,47
190,36,PCP,MD,47
190,37,PCP,Mid-level,47
190,38,Surgery,Mid-level,49
190,39,PCP,Mid-level,49
190,40,Surgery,MD,49
190,41,PCP,MD,49
190,42,PCP,MD,49
190,43,PCP,MD,49
190,44,PCP,MD,49
190,45,Surgery,Mid-level,27
190,46,PCP,Mid-level,49
190,47,PCP,Mid-level,48
190,48,PCP,Mid-level,49
190,49,Surgery,MD,49
190,50,PCP,MD,45
190,51,PCP,MD,47
190,52,PCP,Mid-level,46
190,53,Surgery,Mid-level,46
190,54,PCP,MD,41
190,55,PCP,MD,41
190,56,PCP,MD,36
190,57,Surgery,MD,38
190,58,PCP,Mid-level,40
190,59,Surgery,MD,36
190,60,OB/GYN,MD,37
190,61,PCP,MD,37
190,62,Surgery,MD,37
190,63,PCP,Mid-level,38
190,64,Surgery,MD,34
190,65,PCP,MD,28
190,66,PCP,MD,33
190,67,Surgery,Mid-level,29
190,68,PCP,MD,25
190,69,PCP,MD,25
190,70,PCP,MD,25
190,71,PCP,MD,24
190,72,PCP,MD,25
190,73,PCP,MD,25
190,74,PCP,MD,25
190,75,PCP,MD,25
190,76,PCP,MD,16
190,77,PCP,MD,24
190,78,PCP,MD,23
190,79,PCP,MD,23
190,80,PCP,MD,23
190,81,PCP,MD,23
190,82,PCP,MD,23
190,83,PCP,MD,23
190,84,PCP,MD,23
190,85,Surgery,MD,23
190,86,Surgery,MD,22
190,87,PCP,MD,21
190,88,Surgery,Mid-level,21
190,89,PCP,Mid-level,21
190,90,PCP,MD,21
190,91,PCP,MD,21
190,92,PCP,Mid-level,20
190,93,PCP,MD,15
190,94,PCP,Mid-level,3
190,95,PCP,MD,15
190,96,PCP,Mid-level,18
190,97,PCP,Mid-level,17
190,98,Surgery,MD,15
190,99,PCP,MD,9
190,100,PCP,MD,9
190,101,PCP,MD,9
190,102,PCP,MD,9
190,103,PCP,Mid-level,8
190,104,Surgery,Mid-level,12
190,105,PCP,MD,13
190,106,Surgery,MD,11
190,107,Surgery,MD,11
190,108,Surgery,MD,8
190,109,PCP,MD,12
190,110,PCP,MD,10
190,111,PCP,MD,11
190,112,PCP,MD,10
190,113,PCP,MD,11
190,114,PCP,MD,11
190,115,PCP,MD,11
190,116,PCP,MD,11
190,117,PCP,MD,9
190,118,PCP,MD,9
190,119,PCP,MD,9
190,120,PCP,MD,9
190,121,PCP,MD,9
190,122,PCP,Mid-level,9
190,123,PCP,Mid-level,9
190,124,PCP,Mid-level,7
190,125,PCP,Mid-level,8
190,126,PCP,Mid-level,8
190,127,PCP,MD,6
190,128,PCP,MD,5
190,129,Surgery,Mid-level,3
190,130,PCP,MD,5
190,131,PCP,Mid-level,2
190,132,Surgery,MD,2
190,133,PCP,Mid-level,0
190,134,PCP,Mid-level,1
190,135,PCP,Mid-level,0
191,1,Surgery,MD,21
191,2,PCP,MD,20
191,3,PCP,MD,16
191,4,PCP,MD,21
191,5,Surgery,MD,21
191,6,PCP,MD,21
191,7,PCP,MD,17
191,8,PCP,MD,12
191,9,PCP,MD,17
191,10,PCP,MD,17
191,11,PCP,MD,17
191,12,PCP,MD,12
191,13,PCP,MD,8
192,1,PCP,MD,53
193,1,PCP,MD,33
194,1,Surgery,MD,36
194,2,Surgery,MD,36
194,3,Surgery,MD,37
195,1,PCP,MD,28
195,2,PCP,MD,28
195,3,PCP,MD,28
195,4,PCP,MD,28
195,5,PCP,Mid-level,28
195,6,PCP,Mid-level,28
196,1,OB/GYN,Mid-level,24
197,1,PCP,MD,25
197,2,PCP,Mid-level,12
197,3,PCP,Mid-level,11
197,4,PCP,Mid-level,4
198,1,Surgery,MD,21
199,1,Surgery,MD,28
199,2,Surgery,MD,30
199,3,Surgery,MD,29
199,4,Surgery,MD,31
,,,,
,,,,
,,,,
,,,,
,,,,
,,,,
,,,,
,,,,
,,,,
,,,,
,,,,
,,,,
,,,,
,,,,
,,,,
,,,,
,,,,
,,,,
,,,,
,,,,
,,,,
,,,,
,,,,
,,,,
,,,,
,,,,
,,,,
,,,,
,,,,
,,,,
,,,,
,,,,
,,,,
,,,,
,,,,
,,,,
,,,,
,,,,
,,,,
,,,,
,,,,
,,,,
,,,,
,,,,
,,,,
,,,,
,,,,
,,,,
,,,,
,,,,
,,,,
,,,,
,,,,
,,,,
,,,,
,,,,
,,,,
,,,,
,,,,
,,,,
,,,,
,,,,
,,,,
,,,,
,,,,
,,,,
,,,,
,,,,
,,,,
,,,,
,,,,
,,,,
,,,,
,,,,
,,,,
,,,,
,,,,
,,,,
,,,,
,,,,
,,,,
,,,,
,,,,
,,,,
,,,,
,,,,
,,,,
,,,,
,,,,
,,,,
,,,,
,,,,
,,,,
,,,,
,,,,
,,,,
,,,,
,,,,
,,,,
,,,,
,,,,
,,,,
,,,,
,,,,
,,,,
,,,,
,,,,
,,,,
,,,,
,,,,
,,,,
,,,,
,,,,
,,,,
,,,,
,,,,
,,,,
,,,,
,,,,
,,,,
,,,,
,,,,
,,,,
,,,,
,,,,
,,,,
,,,,
,,,,
,,,,
,,,,
,,,,
,,,,
,,,,
,,,,
,,,,
,,,,
,,,,
,,,,
,,,,
,,,,
,,,,
,,,,
,,,,
,,,,
,,,,
,,,,
,,,,
,,,,
,,,,
,,,,
,,,,
,,,,
,,,,
,,,,
,,,,
,,,,
,,,,
,,,,
,,,,
,,,,
,,,,
,,,,
,,,,
,,,,
,,,,
,,,,
,,,,
,,,,
,,,,
,,,,
,,,,
,,,,
,,,,
,,,,
,,,,
,,,,
,,,,
,,,,
,,,,
,,,,
,,,,
,,,,
,,,,
,,,,
,,,,
,,,,
,,,,
,,,,
,,,,
,,,,
,,,,
,,,,
,,,,
,,,,
,,,,
,,,,
,,,,
,,,,
,,,,
,,,,
,,,,
,,,,
,,,,
,,,,
,,,,
,,,,
,,,,
,,,,
,,,,
,,,,
,,,,
,,,,
,,,,
,,,,
,,,,
,,,,
,,,,
,,,,
,,,,
,,,,
,,,,
,,,,
,,,,
,,,,
,,,,
,,,,
,,,,
,,,,
,,,,
,,,,
,,,,
,,,,
,,,,
,,,,
,,,,
,,,,
,,,,
,,,,
,,,,
,,,,
,,,,
,,,,
,,,,
,,,,
,,,,
,,,,
,,,,
,,,,
,,,,
,,,,
,,,,
,,,,
,,,,
,,,,
,,,,
,,,,
,,,,
,,,,
,,,,
,,,,
,,,,
,,,,
,,,,
,,,,
,,,,
,,,,
,,,,
,,,,
,,,,
,,,,
,,,,
,,,,
,,,,
,,,,
,,,,
,,,,
,,,,
,,,,
,,,,
,,,,
,,,,
,,,,
,,,,
,,,,
,,,,
,,,,
,,,,
,,,,
,,,,
,,,,
,,,,
,,,,
,,,,
,,,,
,,,,
,,,,
,,,,
,,,,
,,,,
,,,,
,,,,
,,,,
,,,,
,,,,
,,,,
,,,,
,,,,
,,,,
,,,,
,,,,
,,,,
,,,,
,,,,
,,,,
,,,,
,,,,
,,,,
,,,,
,,,,
,,,,
,,,,
,,,,
,,,,
,,,,
,,,,
,,,,
,,,,
,,,,
,,,,
,,,,
,,,,
,,,,
,,,,
,,,,
,,,,
,,,,
,,,,
,,,,
,,,,
,,,,
,,,,
,,,,
,,,,
,,,,
,,,,
,,,,
,,,,
,,,,
,,,,
,,,,
,,,,
,,,,
,,,,
,,,,
,,,,
,,,,
,,,,
,,,,
,,,,
,,,,
,,,,
,,,,
,,,,
,,,,
,,,,
,,,,
,,,,
,,,,
,,,,
,,,,
,,,,
,,,,
,,,,
,,,,
,,,,
,,,,
,,,,
,,,,
,,,,
,,,,
,,,,
,,,,
,,,,
,,,,
,,,,
,,,,
,,,,
,,,,
,,,,
,,,,
,,,,
,,,,
,,,,
,,,,
,,,,
,,,,
,,,,
,,,,
,,,,
,,,,
,,,,
,,,,
,,,,
,,,,
,,,,
,,,,
,,,,
,,,,
,,,,
,,,,
,,,,
,,,,
,,,,
,,,,
,,,,
,,,,
,,,,
,,,,
,,,,
,,,,
,,,,
,,,,
,,,,
,,,,
,,,,
,,,,
,,,,
,,,,
,,,,
,,,,
,,,,
,,,,
,,,,
,,,,
,,,,
,,,,
,,,,
,,,,
,,,,
,,,,
,,,,
,,,,
,,,,
,,,,
,,,,
,,,,
,,,,
,,,,
,,,,
,,,,
,,,,
,,,,
,,,,
,,,,
,,,,
,,,,
,,,,
,,,,
,,,,
,,,,
,,,,
,,,,
,,,,
,,,,
,,,,
,,,,
,,,,
,,,,
,,,,
,,,,
,,,,
,,,,
,,,,
,,,,
,,,,
,,,,
,,,,
,,,,
,,,,
,,,,
,,,,
,,,,
,,,,
,,,,
,,,,
,,,,
,,,,
,,,,
,,,,
,,,,
,,,,
,,,,
,,,,
,,,,
,,,,
,,,,
,,,,
,,,,
,,,,
,,,,
,,,,
,,,,
,,,,
,,,,
,,,,
,,,,
,,,,
,,,,
,,,,
,,,,
,,,,
,,,,
,,,,
,,,,
,,,,
,,,,
,,,,
,,,,
,,,,
,,,,
,,,,
,,,,
,,,,
,,,,
,,,,
,,,,
,,,,
,,,,
,,,,
,,,,
,,,,
,,,,
,,,,
,,,,
,,,,
,,,,
,,,,
,,,,
,,,,
,,,,
,,,,
,,,,
,,,,
,,,,
,,,,
,,,,
,,,,
,,,,
,,,,
,,,,
,,,,
,,,,
,,,,
,,,,
,,,,
,,,,
,,,,
,,,,
,,,,
,,,,
,,,,
,,,,
,,,,
,,,,
,,,,
,,,,
,,,,
,,,,
,,,,
,,,,
,,,,
,,,,
,,,,
,,,,
,,,,
,,,,
,,,,
,,,,
,,,,
,,,,
,,,,
,,,,
,,,,
,,,,
,,,,
,,,,
,,,,
,,,,
,,,,
,,,,
,,,,
,,,,
,,,,
,,,,
,,,,
,,,,
,,,,
,,,,
,,,,
,,,,
,,,,
,,,,
,,,,
,,,,
,,,,
,,,,
,,,,
,,,,
,,,,
,,,,
,,,,
,,,,
,,,,
,,,,
,,,,
,,,,
,,,,
,,,,
,,,,
,,,,
,,,,
,,,,
,,,,
,,,,
,,,,
,,,,
,,,,
,,,,
,,,,
,,,,
,,,,
,,,,
,,,,
,,,,
,,,,
,,,,
,,,,
,,,,
,,,,
,,,,
,,,,
,,,,
,,,,
,,,,
,,,,
,,,,
,,,,
,,,,
,,,,
,,,,
,,,,
,,,,
,,,,
,,,,
,,,,
,,,,
,,,,
,,,,
,,,,
,,,,
,,,,
,,,,
,,,,
,,,,
,,,,
,,,,
,,,,
,,,,
,,,,
,,,,
,,,,
,,,,
,,,,
,,,,
,,,,
,,,,
,,,,
,,,,
,,,,
,,,,
,,,,
,,,,
,,,,
,,,,
,,,,
,,,,
,,,,
,,,,
